11,"南天玉 ナンテンユー 八重洲本店",35.6778995990,139.7689603016,"東京都中央区八重洲２‐５‐７ 三興ビルＢ１Ｆ","月～木: 11:00～15:00 （料理L.O. 15:00 ドリンクL.O. 15:00）17:30～翌1:00 （料理L.O. 翌1:00 ドリンクL.O. 翌1:00）金: 11:00～15:00 （料理L.O. 15:00 ドリンクL.O. 15:00）17:30～翌5:00 （料理L.O. 翌5:00 ドリンクL.O. 翌5:00）土、祝日: 11:00～15:00 （料理L.O. 15:00 ドリンクL.O. 15:00）17:30～22:00 （料理L.O. 22:00 ドリンクL.O. 22:00）祝前日: 17:30～翌5:00 （料理L.O. 翌5:00 ドリンクL.O. 翌5:00）","3001～4000円","https://www.hotpepper.jp/strJ000806413/?vos=nhppalsa000016","050-5816-4889","https://imgfp.hotp.jp/IMGH/90/63/P019749063/P019749063_238.jpg",NULL,"2017-05-12 06:38:57","2017-05-12 06:53:34"
12,"くつろぎのBAR かりん",35.6782642828,139.7690613895,"東京都中央区八重洲2-4-6　八重洲鈴木ビルＢ１","月～金、祝前日: 18:00～翌0:00 （料理L.O. 23:30 ドリンクL.O. 23:30）","3001～4000円","https://www.hotpepper.jp/strJ001153599/?vos=nhppalsa000016","050-5285-4303","https://imgfp.hotp.jp/IMGH/06/51/P027180651/P027180651_238.jpg",NULL,"2017-05-12 06:38:57","2017-05-12 06:53:34"
13,"こうじのはな 東京駅前店",35.6797135814,139.7697054432,"東京都中央区八重洲２－１－４　６Ｆ","月～日、祝日、祝前日: 11:00～23:30 （料理L.O. 22:30 ドリンクL.O. 23:00）","3001～4000円","https://www.hotpepper.jp/strJ001127523/?vos=nhppalsa000016","050-5280-6214","https://imgfp.hotp.jp/IMGH/38/45/P022993845/P022993845_238.jpg",NULL,"2017-05-12 06:38:57","2017-05-12 06:53:35"
14,"はなの膳 八重洲",35.6797135814,139.7697054432,"東京都中央区八重洲２－１－４　３F","月～日、祝日、祝前日: 11:00～23:30 （料理L.O. 22:30 ドリンクL.O. 23:00）","3001～4000円","https://www.hotpepper.jp/strJ001129252/?vos=nhppalsa000016","050-5280-9109","https://imgfp.hotp.jp/IMGH/00/33/P024620033/P024620033_238.jpg",NULL,"2017-05-12 06:38:57","2017-05-12 06:53:35"
15,"富昌丸 八重洲店",35.6797135814,139.7697054432,"東京都中央区八重洲２-1-4 10F","月～日、祝日、祝前日: 11:00～23:30 （料理L.O. 22:30 ドリンクL.O. 23:00）","3001～4000円","https://www.hotpepper.jp/strJ001133748/?vos=nhppalsa000016","050-5281-2646","https://imgfp.hotp.jp/IMGH/12/31/P024621231/P024621231_238.jpg",NULL,"2017-05-12 06:38:57","2017-05-12 06:53:35"
16,"鳥の利久 八重洲口店",35.6797135814,139.7697054432,"東京都中央区八重洲２－１－４　７Ｆ","月～日、祝日、祝前日: 11:00～23:30 （料理L.O. 22:30 ドリンクL.O. 23:00）","3001～4000円","https://www.hotpepper.jp/strJ001125933/?vos=nhppalsa000016","050-5828-2358","https://imgfp.hotp.jp/IMGH/92/22/P025269222/P025269222_238.jpg",NULL,"2017-05-12 06:38:57","2017-05-12 06:53:35"
17,"ビストロ六角 八重洲南口店",35.6797135814,139.7697054432,"東京都中央区八重洲２-1-4　蘭免ビルB1 ","月～金、祝前日: 17:00～翌0:30土: 17:00～23:30","2001～3000円","https://www.hotpepper.jp/strJ001146800/?vos=nhppalsa000016","050-5283-2120","https://imgfp.hotp.jp/IMGH/07/04/P024650704/P024650704_238.jpg",NULL,"2017-05-12 06:38:57","2017-05-12 06:53:36"
18,"とり鉄 京橋店",35.6764386829,139.7701019300,"東京都中央区京橋２－５－２１　京橋ＮＳビルＢ１","月～木、祝前日: 16:00～翌1:00 （料理L.O. 23:45 ドリンクL.O. 翌0:30）金: 16:00～翌3:00 （料理L.O. 翌2:00 ドリンクL.O. 翌2:30）土: 16:00～翌0:00 （料理L.O. 23:00 ドリンクL.O. 23:30）","3001～4000円","https://www.hotpepper.jp/strJ000000608/?vos=nhppalsa000016","050-5815-6688","https://imgfp.hotp.jp/IMGH/81/96/P026238196/P026238196_238.jpg",NULL,"2017-05-12 06:38:57","2017-05-12 06:53:37"
19,"月の宴 八重洲中央口駅前店",35.6797535800,139.7698240426,"東京都中央区八重洲２－１－４　東京駅前八重洲ビル ６Ｆ","月～木、日、祝日: 17:00～翌2:00 （料理L.O. 翌1:30 ドリンクL.O. 翌1:30）金、土、祝前日: 17:00～翌3:00 （料理L.O. 翌2:30 ドリンクL.O. 翌2:30）","3001～4000円","https://www.hotpepper.jp/strJ000010056/?vos=nhppalsa000016","03-3231-7488","https://imgfp.hotp.jp/IMGH/15/11/P027091511/P027091511_238.jpg",NULL,"2017-05-12 06:38:57","2017-05-12 06:53:37"
20,"うおや一丁 八重洲口店",35.6797605249,139.7698684830,"東京都中央区八重洲２‐１‐４　東京駅前八重洲ビルＢ１Ｆ","月～日、祝日、祝前日: 16:00～23:30","2001～3000円","https://www.hotpepper.jp/strJ000010327/?vos=nhppalsa000016","050-5877-7279","https://imgfp.hotp.jp/IMGH/03/23/P026610323/P026610323_238.jpg",NULL,"2017-05-12 06:38:57","2017-05-12 06:53:37"
21,"炭火やきとん 九州地魚 鯖又佐 八重洲店",35.6800138722,139.7714577823,"東京都中央区日本橋３－３－１２　Ｅ－１ビル　Ｂ１","月～木、祝前日: 11:30～13:30 （料理L.O. 13:00 ドリンクL.O. 13:00）17:00～23:30 （料理L.O. 22:30 ドリンクL.O. 23:00）金: 11:30～13:30 （料理L.O. 13:00 ドリンクL.O. 13:00）17:00～翌0:00 （料理L.O. 23:00 ドリンクL.O. 23:30）","3001～4000円","https://www.hotpepper.jp/strJ001103237/?vos=nhppalsa000016","050-5257-8521","https://imgfp.hotp.jp/IMGH/40/61/P021224061/P021224061_238.jpg",NULL,"2017-05-12 06:48:52","2017-05-12 06:53:38"
22,"銀座BAR NOKKTON 八重洲別邸",35.6798274907,139.7709497774,"東京都中央区日本橋３-4-14　八重洲N3ビルB1F","月～金、祝前日: 18:00～翌0:00 （料理L.O. 23:30 ドリンクL.O. 23:30）","7001～10000円","https://www.hotpepper.jp/strJ001117375/?vos=nhppalsa000016","03-3527-9157","https://imgfp.hotp.jp/IMGH/18/22/P021531822/P021531822_238.jpg",NULL,"2017-05-12 06:48:52","2017-05-12 06:53:38"
23,"薩摩魚鮮水産 八重洲中央口店",35.6799127550,139.7708020087,"東京都中央区日本橋３－４－１５　八重洲通りビルB１","月～木: 11:30～14:3016:00～翌3:00金、祝前日: 11:30～14:3016:00～翌5:00土、日、祝日: 16:00～23:30","3001～4000円","https://www.hotpepper.jp/strJ000740432/?vos=nhppalsa000016","050-5815-4528","https://imgfp.hotp.jp/IMGH/28/86/P027052886/P027052886_238.jpg",NULL,"2017-05-12 06:48:52","2017-05-12 06:53:38"
24,"木村屋本店 東京八重洲北口",35.6802910574,139.7712405674,"東京都中央区日本橋３-3-3　八重洲山川ビル１-2階","月～木: 16:00～翌4:00金、土、祝前日: 16:00～翌5:00日、祝日: 16:00～23:00","4001～5000円","https://www.hotpepper.jp/strJ001009613/?vos=nhppalsa000016","050-5841-7277","https://imgfp.hotp.jp/IMGH/95/82/P024809582/P024809582_238.jpg",NULL,"2017-05-12 06:48:52","2017-05-12 06:53:38"
25,"木村屋本店 東京駅八重洲J",35.6802910574,139.7712405674,"東京都中央区日本橋３-3-3　八重洲山川ビル１-2階","月～木: 16:00～翌4:00金、土、祝前日: 16:00～翌5:00日、祝日: 16:00～23:00","3001～4000円","https://www.hotpepper.jp/strJ000861792/?vos=nhppalsa000016","050-5816-6370","https://imgfp.hotp.jp/IMGH/56/80/P027135680/P027135680_238.jpg",NULL,"2017-05-12 06:48:52","2017-05-12 06:53:39"
26,"塚田農場 八重洲北口店 北海道シントク町",35.6802910574,139.7712405674,"東京都中央区日本橋３-3-3　八重洲山川ビル【３階】","月～金、祝前日: 17:00～翌0:00 （料理L.O. 23:00 ドリンクL.O. 23:00）土: 16:00～翌0:00 （料理L.O. 23:00 ドリンクL.O. 23:00）日、祝日: 16:00～23:00","3001～4000円","https://www.hotpepper.jp/strJ001027681/?vos=nhppalsa000016","050-5861-5425","https://imgfp.hotp.jp/IMGH/41/56/P026694156/P026694156_238.jpg",NULL,"2017-05-12 06:48:52","2017-05-12 06:53:39"
27,"塚田農場 八重洲北口店 宮崎県日南市",35.6802910574,139.7712405674,"東京都中央区日本橋３-3-3　八重洲山川ビル4階","月～金、祝前日: 17:00～翌0:00 （料理L.O. 23:00 ドリンクL.O. 23:00）土: 16:00～翌0:00 （料理L.O. 23:00 ドリンクL.O. 23:00）日、祝日: 16:00～23:00 （料理L.O. 22:00 ドリンクL.O. 22:00）","3001～4000円","https://www.hotpepper.jp/strJ001027679/?vos=nhppalsa000016","050-5861-5584","https://imgfp.hotp.jp/IMGH/01/95/P024110195/P024110195_238.jpg",NULL,"2017-05-12 06:48:52","2017-05-12 06:53:39"
28,"白木屋 八重洲中央口駅前店",35.6801818943,139.7709125441,"東京都中央区日本橋３－３－１５　Ｋ－１ビルＢ１Ｆ","月～日、祝日、祝前日: 17:00～翌5:00 （料理L.O. 翌4:30 ドリンクL.O. 翌4:30）","2001～3000円","https://www.hotpepper.jp/strJ000010080/?vos=nhppalsa000016","03-5203-2888","https://imgfp.hotp.jp/IMGH/19/70/P027091970/P027091970_238.jpg",NULL,"2017-05-12 06:48:52","2017-05-12 06:53:39"
29,"八吉 八重洲仲通り本店",35.6800660691,139.7707295087,"東京都中央区日本橋３－４－１　第二弥生ビル","月～木: 16:00～翌0:30 （料理L.O. 翌0:00 ドリンクL.O. 翌0:00）金、祝前日: 16:00～翌4:30土、日、祝日: 16:00～23:30 （料理L.O. 23:00 ドリンクL.O. 23:00）","3001～4000円","https://www.hotpepper.jp/strJ000006187/?vos=nhppalsa000016","050-5286-1051","https://imgfp.hotp.jp/IMGH/60/43/P022226043/P022226043_238.jpg",NULL,"2017-05-12 06:48:52","2017-05-12 06:53:40"
30,"otanto 料理人W",35.6800663466,139.7707192318,"東京都中央区日本橋３-4-1 第二弥生ビル7F","月～木: 17:00～23:30 （料理L.O. 23:00 ドリンクL.O. 23:00）金、祝前日: 17:00～翌2:00 （料理L.O. 翌1:30 ドリンクL.O. 翌1:30）土: 17:00～23:00 （料理L.O. 22:30 ドリンクL.O. 22:30）","4001～5000円","https://www.hotpepper.jp/strJ001125996/?vos=nhppalsa000016","050-5828-1563","https://imgfp.hotp.jp/IMGH/65/37/P022196537/P022196537_238.jpg",NULL,"2017-05-12 06:48:52","2017-05-12 06:53:42"
31,"笑笑 八重洲中央口駅前店",35.6797605249,139.7698684830,"東京都中央区八重洲２－１－４　東京駅前八重洲ビル８Ｆ","月～木、日、祝日: 17:00～翌2:00 （料理L.O. 翌1:30 ドリンクL.O. 翌1:30）金、土、祝前日: 17:00～翌3:00 （料理L.O. 翌2:30 ドリンクL.O. 翌2:30）","2001～3000円","https://www.hotpepper.jp/strJ000010116/?vos=nhppalsa000016","03-3272-0188","https://imgfp.hotp.jp/IMGH/31/82/P027093182/P027093182_238.jpg",NULL,"2017-05-12 06:48:53","2017-05-12 06:53:42"
32,"銀座焼肉 うっしっし",35.6757109312,139.7680160253,"東京都中央区京橋３‐３‐１４京橋ＡＫビルB１Ｆ","月～金、祝前日: 18:00～翌3:00 （料理L.O. 翌3:00 ドリンクL.O. 翌3:00）土: 17:00～23:00 （料理L.O. 23:00 ドリンクL.O. 23:00）","4001～5000円","https://www.hotpepper.jp/strJ000748437/?vos=nhppalsa000016","03-3245-4129","https://imgfp.hotp.jp/IMGH/54/11/P020685411/P020685411_238.jpg",NULL,"2017-05-12 06:48:53","2017-05-12 06:53:42"
33,"太樹苑 銀座一丁目店",35.6756387199,139.7681187972,"東京都中央区京橋３‐3‐13","月～日、祝日、祝前日: 17:00～翌0:00","3001～4000円","https://www.hotpepper.jp/strJ000963711/?vos=nhppalsa000016","03-3272-8929","https://imgfp.hotp.jp/IMGH/59/96/P021515996/P021515996_238.jpg",NULL,"2017-05-12 06:48:53","2017-05-12 06:53:42"
34,"ジョイサウンド JOYSOUND 京橋店",35.6756498253,139.7679521442,"東京都中央区京橋３-3-14","月～木: 13:00～翌4:30 （料理L.O. 翌4:30 ドリンクL.O. 翌4:30）金、祝前日: 13:00～翌5:30 （料理L.O. 翌5:30 ドリンクL.O. 翌5:30）土: 11:00～翌5:30 （料理L.O. 翌5:30 ドリンクL.O. 翌5:30）日、祝日: 11:00～翌4:30 （料理L.O. 翌4:30 ドリンクL.O. 翌4:30）","2001～3000円","https://www.hotpepper.jp/strJ000746907/?vos=nhppalsa000016","050-5815-5844","https://imgfp.hotp.jp/IMGH/20/06/P025712006/P025712006_238.jpg",NULL,"2017-05-12 06:48:53","2017-05-12 06:53:42"
35,"油そば専門店 ぶらぶら 京橋店",35.6755476215,139.7682129595,"東京都中央区京橋３-3-12 山京ビル１F","月～金、祝前日: 11:00～翌0:00土: 11:00～22:00日、祝日: 11:00～21:00","～2000円","https://www.hotpepper.jp/strJ001125796/?vos=nhppalsa000016","050-5828-1610","https://imgfp.hotp.jp/IMGH/76/18/P022557618/P022557618_238.jpg",NULL,"2017-05-12 06:48:53","2017-05-12 06:53:43"
36,"旬薫のさかなと野菜 金の独楽",35.6753582032,139.7683910076,"東京都中央区京橋３－４－４ イーストサイドビルＢ1～4階","月～木: 17:00～翌0:00 （料理L.O. 23:00 ドリンクL.O. 23:00）金、祝前日: 17:00～翌2:00 （料理L.O. 翌1:00 ドリンクL.O. 翌1:00）土: 16:00～23:30","5001～7000円","https://www.hotpepper.jp/strJ000678610/?vos=nhppalsa000016","050-5815-3059","https://imgfp.hotp.jp/IMGH/71/46/P019647146/P019647146_238.jpg",NULL,"2017-05-12 06:48:53","2017-05-12 06:53:43"
37,"炭火てしごと BAR 銀ゼロ",35.6753582032,139.7683910076,"東京都中央区京橋３－４－４　イーストサイドビル１階","月～木: 17:00～翌0:00 （料理L.O. 23:00 ドリンクL.O. 23:00）金、祝前日: 17:00～翌2:00 （料理L.O. 翌1:00 ドリンクL.O. 翌1:00）土: 16:00～23:30","2001～3000円","https://www.hotpepper.jp/strJ000678611/?vos=nhppalsa000016","050-5815-3416","https://imgfp.hotp.jp/IMGH/80/40/P024788040/P024788040_238.jpg",NULL,"2017-05-12 06:48:53","2017-05-12 06:53:43"
38,"Bar Terra バル テッラ",35.6753554250,139.7683632323,"東京都中央区京橋３‐４‐４","月～金、祝前日: 18:00～翌0:00土: 16:00～23:00","3001～4000円","https://www.hotpepper.jp/strJ000802368/?vos=nhppalsa000016","050-5280-3673","https://imgfp.hotp.jp/IMGH/94/20/P012949420/P012949420_238.jpg",NULL,"2017-05-12 06:48:53","2017-05-12 06:53:43"
39,"東京GURAS 京橋店",35.6756303684,139.7674077468,"東京都中央区八重洲２-１１-７ます美ビルＢ１Ｆ","月～日、祝日、祝前日: 11:30～翌0:00 （料理L.O. 23:00 ドリンクL.O. 23:30）","～2000円","https://www.hotpepper.jp/strJ001102107/?vos=nhppalsa000016","050-5281-0251","https://imgfp.hotp.jp/IMGH/08/39/P025960839/P025960839_238.jpg",NULL,"2017-05-12 06:48:54","2017-05-12 06:53:43"
40,"権八 G-Zone銀座店",35.6751443400,139.7684521221,"東京都中央区銀座１-2-3　G-ZONE銀座","月～日、祝日、祝前日: 11:30～翌1:00 （料理L.O. 翌0:30 ドリンクL.O. 翌0:30）","3001～4000円","https://www.hotpepper.jp/strJ000243093/?vos=nhppalsa000016","050-5827-9207","https://imgfp.hotp.jp/IMGH/20/83/P020062083/P020062083_238.jpg",NULL,"2017-05-12 06:48:54","2017-05-12 06:53:44"
41,"ゼストキャンティーナ ZEST CANTINA G-Zone銀座店",35.6751443400,139.7684521221,"東京都中央区銀座１－２－３　Ｇ－Ｚｏｎｅ（ジーゾーン）銀座","月～日、祝日、祝前日: 11:30～翌1:00 （料理L.O. 翌0:30 ドリンクL.O. 翌0:30）","2001～3000円","https://www.hotpepper.jp/strJ000116709/?vos=nhppalsa000016","050-5831-1296","https://imgfp.hotp.jp/IMGH/21/71/P026522171/P026522171_238.jpg",NULL,"2017-05-12 06:48:54","2017-05-12 06:53:44"
42,"EIKO 銀座本店",35.6750695980,139.7674002700,"東京都中央区銀座１-5-2 西勢ビルB1F","月～金: 11:30～14:30 （料理L.O. 14:30 ドリンクL.O. 14:30）17:00～23:00 （料理L.O. 23:00 ドリンクL.O. 23:00）土、祝日: 17:00～22:00 （料理L.O. 22:00 ドリンクL.O. 22:00）祝前日: 11:30～14:30 （料理L.O. 14:30 ドリンクL.O. 14:30）17:00～23:00 （料理L.O. 22:00 ドリンクL.O. 22:00）","5001～7000円","https://www.hotpepper.jp/strJ000234819/?vos=nhppalsa000016","050-5265-2090","https://imgfp.hotp.jp/IMGH/26/93/P021502693/P021502693_238.jpg",NULL,"2017-05-12 06:48:55","2017-05-12 06:53:44"
43,"シャンクレール パノラマラウンジ",35.6748057281,139.7669975370,"東京都中央区銀座１-５-１３　ＺＸ銀座ビル　１０Ｆ","月～日、祝日、祝前日: 07:00～翌0:00 （料理L.O. 翌0:00 ドリンクL.O. 翌0:00）","5001～7000円","https://www.hotpepper.jp/strJ001160468/?vos=nhppalsa000016","050-5284-9844","https://imgfp.hotp.jp/IMGH/62/67/P023266267/P023266267_238.jpg",NULL,"2017-05-12 06:48:55","2017-05-12 06:53:44"
44,"かざくら 隠れ家 並木通り銀座一丁目店",35.6749498713,139.7667272764,"東京都中央区銀座１－４－６　紅雀ビルB１","月～日、祝日、祝前日: 17:00～翌5:00","3001～4000円","https://www.hotpepper.jp/strJ000963791/?vos=nhppalsa000016","03-3535-0570","https://imgfp.hotp.jp/IMGH/19/25/P021941925/P021941925_238.jpg",NULL,"2017-05-12 06:48:55","2017-05-12 06:53:45"
45,"車 銀座一丁目店",35.6746499131,139.7670272630,"東京都中央区銀座１－５－１０　ＧＩＮＺＡ　1ｓｔ　５ビルＢ1","月～金、祝前日: 11:30～14:30 （料理L.O. 14:00 ドリンクL.O. 14:00）17:00～23:30 （料理L.O. 23:00 ドリンクL.O. 23:00）土、日、祝日: 11:30～15:00 （料理L.O. 14:30 ドリンクL.O. 14:30）16:30～23:00 （料理L.O. 22:30 ドリンクL.O. 22:30）","4001～5000円","https://www.hotpepper.jp/strJ000063969/?vos=nhppalsa000016","03-3561-9601","https://imgfp.hotp.jp/IMGH/55/57/P022785557/P022785557_238.jpg",NULL,"2017-05-12 06:48:55","2017-05-12 06:53:45"
46,"銀座 舞桜",35.6746499131,139.7670272630,"東京都中央区銀座１－５－１０　ファーストファイブビル　６Ｆ","月～木: 11:30～14:0017:00～23:30 （料理L.O. 22:30 ドリンクL.O. 22:30）金: 17:00～翌2:00 （料理L.O. 翌1:00 ドリンクL.O. 翌1:00）土: 17:00～23:30 （料理L.O. 22:30 ドリンクL.O. 22:30）祝前日: 17:00～翌2:00 （料理L.O. 翌1:00 ドリンクL.O. 翌0:00）","4001～5000円","https://www.hotpepper.jp/strJ000696747/?vos=nhppalsa000016","03-6675-9496","https://imgfp.hotp.jp/IMGH/30/58/P011573058/P011573058_238.jpg",NULL,"2017-05-12 06:48:55","2017-05-12 06:53:45"
47,"酒菜庵 ちゃぼうず",35.6748440492,139.7667017273,"東京都中央区銀座１－４－６　ナスダビル２Ｆ","月～金、祝前日: 17:00～翌0:00 （料理L.O. 23:00 ドリンクL.O. 23:30）土: 17:00～23:00 （料理L.O. 22:00 ドリンクL.O. 22:30）日: 16:00～23:00 （料理L.O. 23:00 ドリンクL.O. 22:30）祝日: 16:00～23:00 （料理L.O. 22:00 ドリンクL.O. 22:30）","4001～5000円","https://www.hotpepper.jp/strJ000011399/?vos=nhppalsa000016","050-5827-0882","https://imgfp.hotp.jp/IMGH/17/83/P024521783/P024521783_238.jpg",NULL,"2017-05-12 06:48:55","2017-05-12 06:53:45"
48,"オアシス グリルアンドイタリアン oasis GRILL&ITALIAN",35.6749054293,139.7666328417,"東京都中央区銀座１－４－８","月～土、祝前日: 18:00～翌4:00 （料理L.O. 翌3:00 ドリンクL.O. 翌3:00）","3001～4000円","https://www.hotpepper.jp/strJ000689343/?vos=nhppalsa000016","050-5265-2905","https://imgfp.hotp.jp/IMGH/21/51/P025272151/P025272151_238.jpg",NULL,"2017-05-12 06:48:55","2017-05-12 06:53:45"
49,"かっこ 銀座店",35.6746221387,139.7670383742,"東京都中央区銀座１-5-10　銀座ファーストファイブビル7F","月～木、日、祝日: 17:00～翌1:00金、土、祝前日: 17:00～翌3:00","3001～4000円","https://www.hotpepper.jp/strJ000759663/?vos=nhppalsa000016","050-5861-3342","https://imgfp.hotp.jp/IMGH/29/37/P021032937/P021032937_238.jpg",NULL,"2017-05-12 06:48:55","2017-05-12 06:53:46"
50,"くいもの屋 わん 銀座店",35.6745879748,139.7669967125,"東京都中央区銀座１－５－１０　ＧＩＮＺＡ１ｓｔ５ビル３Ｆ","月～木、土、日、祝日: 17:00～翌1:00 （料理L.O. 翌0:30 ドリンクL.O. 翌0:30）金、祝前日: 17:00～翌3:00 （料理L.O. 翌2:30 ドリンクL.O. 翌2:30）","2001～3000円","https://www.hotpepper.jp/strJ000001475/?vos=nhppalsa000016","050-5815-0312","https://imgfp.hotp.jp/IMGH/90/94/P026529094/P026529094_238.jpg",NULL,"2017-05-12 06:48:55","2017-05-12 06:53:46"
51,"MY HUMBLE HOUSE TOKYO マイ ハンブル ハウス トウキョウ",35.6734750117,139.7657690837,"東京都中央区銀座３－３－１　ＺＯＥ銀座Ｂ１Ｆ","月～土、祝前日: 18:00～翌2:00 （料理L.O. 翌1:00 ドリンクL.O. 翌1:00）日、祝日: 18:00～23:00 （料理L.O. 22:00 ドリンクL.O. 22:00）","5001～7000円","https://www.hotpepper.jp/strJ000011420/?vos=nhppalsa000016","050-5815-5619","https://imgfp.hotp.jp/IMGH/20/03/P011972003/P011972003_238.jpg",NULL,"2017-05-12 06:48:56","2017-05-12 06:53:46"
52,"バグース プレイス THE BAGUS PLACE",35.6739527461,139.7661573648,"東京都中央区銀座２－４－６　銀座Velvia館B1F","月～土、祝前日: 11:30～翌5:00日、祝日: 11:30～23:00","4001～5000円","https://www.hotpepper.jp/strJ000955112/?vos=nhppalsa000016","03-5524-3991","https://imgfp.hotp.jp/IMGH/02/44/P021060244/P021060244_238.jpg",NULL,"2017-05-12 06:48:56","2017-05-12 06:53:46"
53,"SAIKA サイカ 銀座店",35.6742277178,139.7662579008,"東京都中央区銀座２-4-18 アルボーレ銀座6F","月～日、祝日、祝前日: 17:00～23:00 （料理L.O. 23:00 ドリンクL.O. 23:00）","3001～4000円","https://www.hotpepper.jp/strJ000981550/?vos=nhppalsa000016","050-5816-8815","https://imgfp.hotp.jp/IMGH/53/40/P017675340/P017675340_238.jpg",NULL,"2017-05-12 06:48:56","2017-05-12 06:53:47"
54,"URA NO NIWA 裏NO庭 銀座店",35.6730472834,139.7658190966,"東京都中央区銀座３-4-17　銀座オプティカビル4F・5F","月～木、日、祝日: 17:00～翌0:00金、土、祝前日: 17:00～翌5:00","3001～4000円","https://www.hotpepper.jp/strJ000762122/?vos=nhppalsa000016","050-5815-4022","https://imgfp.hotp.jp/IMGH/95/07/P026789507/P026789507_238.jpg",NULL,"2017-05-12 06:48:56","2017-05-12 06:53:47"
55,"マンジェ エ ボワール ナガオ",35.6730084040,139.7660107486,"東京都中央区銀座３-4-5　中山ビル2F","月: 18:00～翌0:00 （料理L.O. 23:30 ドリンクL.O. 23:30）火～金、祝前日: 18:00～翌1:00 （料理L.O. 23:30 ドリンクL.O. 23:30）土: 17:00～翌0:00 （料理L.O. 23:30 ドリンクL.O. 23:30）","7001～10000円","https://www.hotpepper.jp/strJ000116775/?vos=nhppalsa000016","03-3535-4066","https://imgfp.hotp.jp/IMGH/05/60/P020790560/P020790560_238.jpg",NULL,"2017-05-12 06:48:56","2017-05-12 06:53:47"
56,"ギンザ ルーツ トウキョウ GINZA ROOTS TOKYO",35.6742627190,139.7664492720,"東京都中央区銀座２-4-18　アルボーレ銀座７Ｆ","月～土、祝前日: 18:00～翌2:00 （料理L.O. 翌2:00 ドリンクL.O. 翌2:00）日、祝日: 18:00～翌0:00 （料理L.O. 翌0:00 ドリンクL.O. 翌0:00）","3001～4000円","https://www.hotpepper.jp/strJ000839537/?vos=nhppalsa000016","050-5816-5314","https://imgfp.hotp.jp/IMGH/36/03/P027033603/P027033603_238.jpg",NULL,"2017-05-12 06:48:56","2017-05-12 06:53:47"
57,"ミユキカン カフェ de GINZA MIYUKI KAN 3丁目店",35.6730639325,139.7652330346,"東京都中央区銀座３-3-15　銀座アベニュービル１Ｆ・２Ｆ ","月～金、祝前日: 11:30～23:30 （料理L.O. 23:00 ドリンクL.O. 23:00）土: 11:00～23:30 （料理L.O. 23:00 ドリンクL.O. 23:00）日、祝日: 11:00～23:00 （料理L.O. 22:30 ドリンクL.O. 22:30）","～2000円","https://www.hotpepper.jp/strJ000788901/?vos=nhppalsa000016","03-3563-3022","https://imgfp.hotp.jp/IMGH/24/10/P012122410/P012122410_238.jpg",NULL,"2017-05-12 06:48:56","2017-05-12 06:53:47"
58,"ジョイサウンド JOYSOUND 銀座2丁目店",35.6745551627,139.7655771121,"東京都中央区銀座２-2-18 TH銀座ビル　受付５Ｆ","月～金、祝前日: 14:00～翌5:00 （料理L.O. 翌5:00 ドリンクL.O. 翌5:00）土、日、祝日: 13:00～翌5:00 （料理L.O. 翌5:00 ドリンクL.O. 翌5:00）","～2000円","https://www.hotpepper.jp/strJ001102332/?vos=nhppalsa000016","050-5257-0880","https://imgfp.hotp.jp/IMGH/10/11/P025081011/P025081011_238.jpg",NULL,"2017-05-12 06:48:56","2017-05-12 06:53:48"
59,"鳥ばか一代",35.6729722794,139.7653552501,"東京都中央区銀座３-3-8","月～金、祝前日: 17:00～翌4:00 （料理L.O. 翌3:00 ドリンクL.O. 翌3:00）土: 15:00～翌4:00 （料理L.O. 翌3:00 ドリンクL.O. 翌3:00）日、祝日: 15:00～23:00 （料理L.O. 22:00 ドリンクL.O. 22:00）","5001～7000円","https://www.hotpepper.jp/strJ001040349/?vos=nhppalsa000016","050-5877-0439","https://imgfp.hotp.jp/IMGH/27/91/P022132791/P022132791_238.jpg",NULL,"2017-05-12 06:48:56","2017-05-12 06:53:48"
60,"鳥ばか一代 はなれ",35.6729722794,139.7653552501,"東京都中央区銀座３-3-8","月～金、祝前日: 17:00～翌4:00 （料理L.O. 翌3:00 ドリンクL.O. 翌3:00）土: 15:00～翌4:00 （料理L.O. 翌3:00 ドリンクL.O. 翌3:00）日、祝日: 15:00～23:00 （料理L.O. 22:00 ドリンクL.O. 22:00）","5001～7000円","https://www.hotpepper.jp/strJ000774631/?vos=nhppalsa000016","050-5834-6111","https://imgfp.hotp.jp/IMGH/28/38/P022132838/P022132838_238.jpg",NULL,"2017-05-12 06:48:56","2017-05-12 06:53:48"
61,"すし 魚游 銀座店",35.6728167181,139.7644858858,"東京都中央区銀座４丁目２－２　第一弥生ビルＢ1Ｆ","月～金、祝前日: 11:30～14:30 （料理L.O. 14:00 ドリンクL.O. 14:00）17:00～23:00 （料理L.O. 22:10 ドリンクL.O. 22:10）土: 11:30～15:00 （料理L.O. 14:30 ドリンクL.O. 14:30）17:00～23:00 （料理L.O. 22:10 ドリンクL.O. 22:10）日、祝日: 11:30～15:00 （料理L.O. 14:30 ドリンクL.O. 14:30）17:00～23:00 （料理L.O. 22:30 ドリンクL.O. 22:30）","4001～5000円","https://www.hotpepper.jp/strJ001008776/?vos=nhppalsa000016","050-5841-6319","https://imgfp.hotp.jp/IMGH/48/18/P023974818/P023974818_238.jpg",NULL,"2017-05-12 06:48:57","2017-05-12 06:53:48"
63,"アクアリウムダイニング碧 AOI 銀座プランタン並木通り店",35.6729947710,139.7651338791,"東京都中央区銀座３-3-14 グランディアビル2　5F-B","月～日、祝日、祝前日: 17:00～翌0:00 （料理L.O. 23:00 ドリンクL.O. 23:30）","2001～3000円","https://www.hotpepper.jp/strJ001126973/?vos=nhppalsa000016","050-5827-7960","https://imgfp.hotp.jp/IMGH/83/92/P026128392/P026128392_238.jpg",NULL,"2017-05-12 06:48:57","2017-05-12 07:09:53"
64,"炙りや鶏兵衛 銀座並木通り店",35.6729947710,139.7651338791,"東京都中央区銀座３-3-14 グランディアビル2　2F-B","月～日、祝日、祝前日: 17:00～翌0:00 （料理L.O. 23:00 ドリンクL.O. 23:30）","2001～3000円","https://www.hotpepper.jp/strJ001168588/?vos=nhppalsa000016","050-5285-9846","https://imgfp.hotp.jp/IMGH/24/81/P025222481/P025222481_238.jpg",NULL,"2017-05-12 06:48:57","2017-05-12 07:09:53"
65,"プライベート個室×肉バル GABURICO ガブリコ 銀座並木通り店",35.6729947710,139.7651338791,"東京都中央区銀座３-3-14 銀座並木通り座グランディア2ビル4F","月～日、祝日、祝前日: 17:00～翌0:00 （料理L.O. 23:00 ドリンクL.O. 23:30）","2001～3000円","https://www.hotpepper.jp/strJ001161190/?vos=nhppalsa000016","050-5284-9487","https://imgfp.hotp.jp/IMGH/04/92/P026870492/P026870492_238.jpg",NULL,"2017-05-12 06:48:57","2017-05-12 07:09:53"
66,"宙 SORA 銀座並木通り店",35.6729958821,139.7651388787,"東京都中央区銀座３－３－１４　銀座グランディア2　5F","月～日、祝日、祝前日: 17:00～翌0:00 （料理L.O. 23:00 ドリンクL.O. 23:30）","2001～3000円","https://www.hotpepper.jp/strJ000707312/?vos=nhppalsa000016","050-5815-6094","https://imgfp.hotp.jp/IMGH/19/01/P021631901/P021631901_238.jpg",NULL,"2017-05-12 06:48:57","2017-05-12 07:09:54"
67,"美の邸 vino-tei 銀座並木通り店",35.6729944936,139.7651469336,"東京都中央区銀座３－３－１４　銀座グランディア2　2F","月～日、祝日、祝前日: 17:00～翌0:00 （料理L.O. 23:00 ドリンクL.O. 23:30）","2001～3000円","https://www.hotpepper.jp/strJ000981130/?vos=nhppalsa000016","050-5815-5519","https://imgfp.hotp.jp/IMGH/94/67/P027099467/P027099467_238.jpg",NULL,"2017-05-12 06:48:57","2017-05-12 07:09:54"
68,"銀座ガーデンファーム 並木通り店",35.6729944936,139.7651469336,"東京都中央区銀座３－３－１４　銀座グランディア2　4F","月～日、祝日、祝前日: 17:00～翌0:00 （料理L.O. 23:00 ドリンクL.O. 23:30）","2001～3000円","https://www.hotpepper.jp/strJ000988985/?vos=nhppalsa000016","050-5841-3464","https://imgfp.hotp.jp/IMGH/95/19/P025949519/P025949519_238.jpg",NULL,"2017-05-12 06:48:57","2017-05-12 07:09:54"
69,"ホルモンでですけ",35.6728889531,139.7652663721,"東京都中央区銀座３-３-９","月～金、祝前日: 11:30～15:00 （料理L.O. 14:30 ドリンクL.O. 14:30）17:00～翌3:30 （料理L.O. 翌2:30 ドリンクL.O. 翌3:00）土: 11:30～15:00 （料理L.O. 14:30 ドリンクL.O. 14:30）16:00～翌3:30 （料理L.O. 翌2:30 ドリンクL.O. 翌3:00）日: 11:30～15:00 （料理L.O. 14:30 ドリンクL.O. 14:30）16:00～22:00 （料理L.O. 21:00 ドリンクL.O. 21:30）祝日: 11:30～15:00 （料理L.O. 14:30 ドリンクL.O. 14:30）16:00～22:30 （料理L.O. 21:00 ドリンクL.O. 21:30）","4001～5000円","https://www.hotpepper.jp/strJ000743609/?vos=nhppalsa000016","050-5834-6079","https://imgfp.hotp.jp/IMGH/71/44/P022317144/P022317144_238.jpg",NULL,"2017-05-12 06:48:57","2017-05-12 07:09:55"
70,"ぼくじん 銀座",35.6728917306,139.7652663720,"東京都中央区銀座３－３－９松岡銀座ビル５Ｆ","月～木、土、日: 16:00～翌0:00 （料理L.O. 23:00 ドリンクL.O. 23:30）金: 16:00～翌1:00 （料理L.O. 翌0:00 ドリンクL.O. 翌0:30）祝前日: 16:00～翌0:00 （料理L.O. 翌0:00 ドリンクL.O. 翌0:00）","5001～7000円","https://www.hotpepper.jp/strJ000651973/?vos=nhppalsa000016","050-5257-1565","https://imgfp.hotp.jp/IMGH/62/60/P020616260/P020616260_238.jpg",NULL,"2017-05-12 06:48:57","2017-05-12 07:09:55"
71,"銀座 MASTERS",35.6717765436,139.7639668049,"東京都中央区銀座５－５－１　銀座千疋屋ビル9F (RC内)","月～日、祝日、祝前日: 17:00～翌0:00","4001～5000円","https://www.hotpepper.jp/strJ000024539/?vos=nhppalsa000016","03-5847-1368","https://imgfp.hotp.jp/IMGH/53/50/P027025350/P027025350_238.jpg",NULL,"2017-05-12 06:48:58","2017-05-12 07:09:55"
72,"牡蠣Bar",35.6715945936,139.7629943948,"東京都中央区銀座５－４－１５　西五ビル３Ｆ","月～土、祝日、祝前日: 11:30～14:3018:00～翌0:00","3001～4000円","https://www.hotpepper.jp/strJ001029127/?vos=nhppalsa000016","03-6274-6750","https://imgfp.hotp.jp/IMGH/22/32/P017482232/P017482232_238.jpg",NULL,"2017-05-12 06:48:58","2017-05-12 07:09:55"
73,"銀座こじま屋",35.6715945936,139.7629943948,"東京都中央区銀座５-４-１５ 銀座エフローレビル5　2F","月～土、祝前日: 17:30～翌0:00 （料理L.O. 翌0:00 ドリンクL.O. 翌0:00）","7001～10000円","https://www.hotpepper.jp/strJ000246518/?vos=nhppalsa000016","050-5816-5635","https://imgfp.hotp.jp/IMGH/10/90/P022761090/P022761090_238.jpg",NULL,"2017-05-12 06:48:58","2017-05-12 07:09:55"
74,"トトズバー 都々's Bar",35.6715807046,139.7629332895,"東京都中央区銀座５－４－１５　西五ビル６Ｆ","月～金、祝前日: 18:00～翌3:00土: 18:00～翌1:00","5001～7000円","https://www.hotpepper.jp/strJ000011264/?vos=nhppalsa000016","03-6253-7386","https://imgfp.hotp.jp/IMGH/42/81/P012024281/P012024281_238.jpg",NULL,"2017-05-12 06:48:58","2017-05-12 07:09:56"
75,"Bar Dining MARUGO マルゴ 銀座",35.6715807046,139.7629332895,"東京都中央区銀座５－４－１５　銀座エフローレビル５　３Ｆ","月～土、祝前日: 17:30～翌4:00 （料理L.O. 翌3:00 ドリンクL.O. 翌3:00）祝日: 17:30～23:00 （料理L.O. 22:00 ドリンクL.O. 22:00）","3001～4000円","https://www.hotpepper.jp/strJ000000074/?vos=nhppalsa000016","050-5827-6277","https://imgfp.hotp.jp/IMGH/07/87/P025460787/P025460787_238.jpg",NULL,"2017-05-12 06:48:58","2017-05-12 07:09:56"
76,"銀座 小十",35.6713796175,139.7629838488,"東京都中央区銀座５－４－８　カリオカビル４F","月～土、祝前日: 12:00～13:00 （料理L.O. 13:00 ドリンクL.O. 13:00）18:00～21:30 （料理L.O. 21:30 ドリンクL.O. 21:30）","10001円～","https://www.hotpepper.jp/strJ000238013/?vos=nhppalsa000016","03-6215-9544","https://imgfp.hotp.jp/IMGH/61/28/P012106128/P012106128_238.jpg",NULL,"2017-05-12 06:48:58","2017-05-12 07:09:56"
77,"STEAK&CUISINE MASQ マスク",35.6711613374,139.7640554332,"東京都中央区銀座５－６－６　銀座フォトグビルＢ１Ｆ ","月～土、祝前日: 17:30～翌3:00 （料理L.O. 翌3:00 ドリンクL.O. 翌3:00）日、祝日: 17:30～翌0:00 （料理L.O. 翌0:00 ドリンクL.O. 翌0:00）","7001～10000円","https://www.hotpepper.jp/strJ001029576/?vos=nhppalsa000016","03-3575-5161","https://imgfp.hotp.jp/IMGH/14/42/P018541442/P018541442_238.jpg",NULL,"2017-05-12 06:48:58","2017-05-12 07:09:56"
78,"BAR MASQ マスク",35.6710946757,139.7639609995,"東京都中央区銀座５－６－６　銀座フォトグビルＢ１Ｆ","月～土、祝前日: 17:30～翌3:00 （料理L.O. 翌2:00 ドリンクL.O. 翌2:30）日、祝日: 17:30～翌0:00 （料理L.O. 22:30 ドリンクL.O. 23:00）","7001～10000円","https://www.hotpepper.jp/strJ000243482/?vos=nhppalsa000016","050-5852-1692","https://imgfp.hotp.jp/IMGH/13/53/P025961353/P025961353_238.jpg",NULL,"2017-05-12 06:48:58","2017-05-12 07:09:56"
79,"Bar Lamp",35.6721390166,139.7644831354,"東京都中央区銀座４-３-７銀座猿谷ビル４Ｆ・５Ｆ","月～土、祝前日: 18:00～翌4:00 （料理L.O. 翌3:30 ドリンクL.O. 翌3:30）","5001～7000円","https://www.hotpepper.jp/strJ000231571/?vos=nhppalsa000016","050-5572-8552","https://imgfp.hotp.jp/IMGH/43/07/P020704307/P020704307_238.jpg",NULL,"2017-05-12 06:48:58","2017-05-12 07:09:57"
80,"夜景ダイニング akaneya 銀座・有楽町店",35.6725528380,139.7637026295,"東京都中央区銀座４-2-12 銀座クリスタルビル　９Ｆ","月～木、土、日、祝日: 17:00～23:30 （料理L.O. 22:30 ドリンクL.O. 23:00）金、祝前日: 17:00～翌4:30 （料理L.O. 翌3:30 ドリンクL.O. 翌4:00）","4001～5000円","https://www.hotpepper.jp/strJ000989928/?vos=nhppalsa000016","050-5841-5727","https://imgfp.hotp.jp/IMGH/82/30/P026568230/P026568230_238.jpg",NULL,"2017-05-12 06:48:58","2017-05-12 07:09:57"
81,"わだ家 東京銀座店",35.6704058104,139.7619417542,"東京都中央区銀座６-6-11　第4ポールスタービル B1F","月～金、祝前日: 17:00～翌4:00 （料理L.O. 翌3:00 ドリンクL.O. 翌3:00）土: 15:00～翌4:00 （料理L.O. 翌3:00 ドリンクL.O. 翌3:00）日、祝日: 17:00～23:00 （料理L.O. 22:00 ドリンクL.O. 22:00）","5001～7000円","https://www.hotpepper.jp/strJ000759280/?vos=nhppalsa000016","050-5877-8571","https://imgfp.hotp.jp/IMGH/66/34/P023266634/P023266634_238.jpg",NULL,"2017-05-12 06:48:59","2017-05-12 07:09:57"
82,"銀座 水響亭",35.6701113893,139.7615779080,"東京都中央区銀座７－５－４　毛利ビルB２Ｆ ","月～金、祝前日: 18:00～翌3:00 （料理L.O. 翌2:00 ドリンクL.O. 翌2:00）土: 18:00～23:00 （料理L.O. 22:00 ドリンクL.O. 22:00）","5001～7000円","https://www.hotpepper.jp/strJ000240142/?vos=nhppalsa000016","050-5841-6888","https://imgfp.hotp.jp/IMGH/15/85/P024341585/P024341585_238.jpg",NULL,"2017-05-12 06:48:59","2017-05-12 07:09:58"
83,"ちゃぼうず",35.6701113893,139.7615779080,"東京都中央区銀座７-5-4　ラヴィアーレ6F","月～金、祝前日: 17:00～23:30 （料理L.O. 22:30 ドリンクL.O. 23:00）土: 17:00～23:00 （料理L.O. 22:00 ドリンクL.O. 22:30）","4001～5000円","https://www.hotpepper.jp/strJ000748274/?vos=nhppalsa000016","050-5827-2469","https://imgfp.hotp.jp/IMGH/94/53/P024519453/P024519453_238.jpg",NULL,"2017-05-12 06:48:59","2017-05-12 07:09:58"
84,"Y&M Bar KISLING ワイアンドエム バー キスリング",35.6701113893,139.7615779080,"東京都中央区銀座７-5-4　ラヴィアーレ銀座ビル7F","月～金、祝前日: 18:00～翌3:00 （料理L.O. 翌2:30 ドリンクL.O. 翌2:30）土: 18:00～23:00 （料理L.O. 22:30 ドリンクL.O. 22:30）","5001～7000円","https://www.hotpepper.jp/strJ000231730/?vos=nhppalsa000016","050-5284-8291","https://imgfp.hotp.jp/IMGH/30/35/P021253035/P021253035_238.jpg",NULL,"2017-05-12 06:48:59","2017-05-12 07:09:58"
85,"鮨 かくとう",35.6698308703,139.7617612370,"東京都中央区銀座７-６-１９　ソワレド銀座弥生ビル４F","月～金、祝前日: 18:00～翌2:00土: 18:00～21:30 （料理L.O. 21:30 ドリンクL.O. 21:30）","10001円～","https://www.hotpepper.jp/strJ000982752/?vos=nhppalsa000016","03-6228-5424","https://imgfp.hotp.jp/IMGH/98/89/P017359889/P017359889_238.jpg",NULL,"2017-05-12 06:48:59","2017-05-12 07:09:58"
86,"バー クロノス BAR CHRONOS",35.6698308703,139.7617612370,"東京都中央区銀座７－６－１９　ソワレ・ド・銀座弥生ビルＢ１Ｆ","月～金、祝前日: 17:00～翌2:00 （料理L.O. 翌2:00 ドリンクL.O. 翌2:00）土: 17:00～23:00 （料理L.O. 23:00 ドリンクL.O. 23:00）","4001～5000円","https://www.hotpepper.jp/strJ000716612/?vos=nhppalsa000016","03-3289-0027","https://imgfp.hotp.jp/IMGH/74/04/P012067404/P012067404_238.jpg",NULL,"2017-05-12 06:48:59","2017-05-12 07:09:58"
87,"Bar V",35.6698308703,139.7617612370,"東京都中央区銀座７-6-19 ソワレド銀座　弥生ビル6F","月～金、祝前日: 19:00～翌3:00 （料理L.O. 翌2:30 ドリンクL.O. 翌2:30）土: 19:00～23:30 （料理L.O. 23:00 ドリンクL.O. 23:00）","7001～10000円","https://www.hotpepper.jp/strJ001102028/?vos=nhppalsa000016","03-5537-8811","https://imgfp.hotp.jp/IMGH/74/80/P020357480/P020357480_238.jpg",NULL,"2017-05-12 06:48:59","2017-05-12 07:09:58"
88,"築地すし好 銀座六丁目店",35.6707196590,139.7617556463,"東京都中央区銀座６‐5‐8　エルドールビル1F","月～土、祝前日: 17:00～翌3:30 （料理L.O. 翌3:00 ドリンクL.O. 翌3:00）日、祝日: 17:00～22:00 （料理L.O. 21:30 ドリンクL.O. 21:30）","2001～3000円","https://www.hotpepper.jp/strJ000010182/?vos=nhppalsa000016","03-5568-0505","https://imgfp.hotp.jp/IMGH/45/15/P015744515/P015744515_238.jpg",NULL,"2017-05-12 06:48:59","2017-05-12 07:09:59"
89,"Misty",35.6697478289,139.7619423361,"東京都中央区銀座７-6-5  3F","月～金: 18:00～翌4:00 （料理L.O. 翌3:30 ドリンクL.O. 翌3:30）土: 18:00～23:00 （料理L.O. 22:30 ドリンクL.O. 22:30）祝前日: 18:00～翌4:00 （料理L.O. 翌3:30）","4001～5000円","https://www.hotpepper.jp/strJ001125169/?vos=nhppalsa000016","050-5282-1663","https://imgfp.hotp.jp/IMGH/63/81/P024776381/P024776381_238.jpg",NULL,"2017-05-12 06:48:59","2017-05-12 07:09:59"
90,"THE BAR みうら",35.6707085466,139.7616612103,"東京都中央区銀座６－５－１１　MARUGEN　No１５ビル７F","月～金: 18:00～翌1:00 （料理L.O. 翌1:00 ドリンクL.O. 翌1:00）土: 18:00～23:30 （料理L.O. 23:00 ドリンクL.O. 23:00）","5001～7000円","https://www.hotpepper.jp/strJ000789225/?vos=nhppalsa000016","03-3571-8545","https://imgfp.hotp.jp/IMGH/04/36/P012120436/P012120436_238.jpg",NULL,"2017-05-12 06:48:59","2017-05-12 07:09:59"
91,"和乃匠 銀座",35.6695114426,139.7610446441,"東京都中央区銀座７-5-10 第２一越ビル２F","月: 18:00～22:00 （料理L.O. 21:30 ドリンクL.O. 21:30）火～金、祝前日: 18:00～翌3:00 （料理L.O. 翌2:30 ドリンクL.O. 翌2:30）","5001～7000円","https://www.hotpepper.jp/strJ000788872/?vos=nhppalsa000016","03-3569-2810","https://imgfp.hotp.jp/IMGH/65/72/P020716572/P020716572_238.jpg",NULL,"2017-05-12 06:49:00","2017-05-12 07:09:59"
92,"Cave+SRh",35.6695336610,139.7609946474,"東京都中央区銀座７-５-１０　第二一越ビル４F","月～金、祝前日: 17:00～翌2:00 （料理L.O. 翌1:30 ドリンクL.O. 翌1:30）土: 17:00～23:00 （料理L.O. 23:00 ドリンクL.O. 23:00）","5001～7000円","https://www.hotpepper.jp/strJ001100546/?vos=nhppalsa000016","050-5282-1050","https://imgfp.hotp.jp/IMGH/72/35/P025297235/P025297235_238.jpg",NULL,"2017-05-12 06:49:00","2017-05-12 07:09:59"
93,"銀座 汁八",35.6694086665,139.7606752351,"東京都中央区銀座８－５－１　プラザＧ８ビル２Ｆ","月～金、祝前日: 17:30～翌2:00 （料理L.O. 翌1:30）土: 17:30～23:00 （料理L.O. 22:30）","7001～10000円","https://www.hotpepper.jp/strJ000739523/?vos=nhppalsa000016","03-3571-0456","https://imgfp.hotp.jp/IMGH/44/35/P010454435/P010454435_238.jpg",NULL,"2017-05-12 06:49:00","2017-05-12 07:10:00"
94,"銀座 おざわ 分店",35.6694086664,139.7606724576,"東京都中央区銀座８-5-1プラザＧ８1Ｆ","月～土、祝前日: 17:00～翌2:00 （料理L.O. 翌1:30 ドリンクL.O. 翌1:30）","10001円～","https://www.hotpepper.jp/strJ000229370/?vos=nhppalsa000016","03-3289-5731","https://imgfp.hotp.jp/IMGH/41/16/P020884116/P020884116_238.jpg",NULL,"2017-05-12 06:49:00","2017-05-12 07:10:00"
95,"徒然茶寮 つれづれさりょう",35.6694086664,139.7606724576,"東京都中央区銀座８-5-1 プラザG8ビル6F","月～金、祝前日: 17:00～翌5:00 （料理L.O. 翌4:00 ドリンクL.O. 翌4:00）土: 17:00～23:00 （料理L.O. 22:00 ドリンクL.O. 22:30）","7001～10000円","https://www.hotpepper.jp/strJ000623817/?vos=nhppalsa000016","050-5816-1225","https://imgfp.hotp.jp/IMGH/93/46/P026949346/P026949346_238.jpg",NULL,"2017-05-12 06:49:00","2017-05-12 07:10:00"
96,"酒向 バー",35.6694142215,139.7606755126,"東京都中央区銀座８‐5‐1　プラザＧ8　4階","月～金、祝前日: 19:00～翌2:00土: 18:00～23:00","5001～7000円","https://www.hotpepper.jp/strJ001110756/?vos=nhppalsa000016","03-6280-6835","https://imgfp.hotp.jp/IMGH/62/24/P025286224/P025286224_238.jpg",NULL,"2017-05-12 06:49:00","2017-05-12 07:10:00"
97,"鮨 酒井",35.6693156190,139.7605855242,"東京都中央区銀座８-5-26 2F","月～金、祝前日: 17:30～翌2:00 （料理L.O. 翌2:00 ドリンクL.O. 翌2:00）土: 17:30～22:00 （料理L.O. 22:00 ドリンクL.O. 22:00）","10001円～","https://www.hotpepper.jp/strJ001103348/?vos=nhppalsa000016","050-5280-8294","https://imgfp.hotp.jp/IMGH/12/21/P022751221/P022751221_238.jpg",NULL,"2017-05-12 06:49:00","2017-05-12 07:10:00"
98,"Bar ハイランド",35.6689606742,139.7611546568,"東京都中央区銀座８-6-4　村喜・茂竹ビル地下1階","月～金、祝前日: 18:00～翌3:00 （料理L.O. 翌3:00 ドリンクL.O. 翌3:00）土、祝日: 18:00～23:00 （料理L.O. 23:00 ドリンクL.O. 23:00）","5001～7000円","https://www.hotpepper.jp/strJ001110795/?vos=nhppalsa000016","03-3573-7220","https://imgfp.hotp.jp/IMGH/58/61/P021145861/P021145861_238.jpg",NULL,"2017-05-12 06:49:00","2017-05-12 07:10:01"
99,"BAR JOTA バー イオタ",35.6689309530,139.7610668877,"東京都中央区銀座８-６-４　村喜茂竹ビル３Ｆ","月～金、祝前日: 19:00～翌7:00土: 19:00～翌0:00","4001～5000円","https://www.hotpepper.jp/strJ000789192/?vos=nhppalsa000016","050-5257-2058","https://imgfp.hotp.jp/IMGH/63/90/P012116390/P012116390_238.jpg",NULL,"2017-05-12 06:49:00","2017-05-12 07:10:01"
100,"寿司 和",35.6691114746,139.7605585903,"東京都中央区銀座８-5-5-4F","月～金、祝前日: 11:00～14:00 （料理L.O. 14:00 ドリンクL.O. 14:00）17:00～翌2:00 （料理L.O. 翌2:00 ドリンクL.O. 翌2:00）土: 17:00～22:00 （料理L.O. 22:00 ドリンクL.O. 22:00）","10001円～","https://www.hotpepper.jp/strJ000731886/?vos=nhppalsa000016","03-5537-3348","https://imgfp.hotp.jp/IMGH/22/24/P012102224/P012102224_238.jpg",NULL,"2017-05-12 06:49:00","2017-05-12 07:10:01"
101,"GINZA1954",35.6683698638,139.7595253745,"東京都中央区銀座８-5-15 SVAX銀座ビルB1F    ","月～金、祝前日: 18:00～翌3:00 （料理L.O. 翌2:30 ドリンクL.O. 翌2:30）土: 18:00～翌0:00 （料理L.O. 23:00 ドリンクL.O. 23:30）","7001～10000円","https://www.hotpepper.jp/strJ000717808/?vos=nhppalsa000016","050-5887-8552","https://imgfp.hotp.jp/IMGH/71/29/P025257129/P025257129_238.jpg",NULL,"2017-05-12 06:49:00","2017-05-12 07:10:01"
102,"ノックトーン NOKKTON",35.6684615229,139.7596281398,"東京都中央区銀座８‐5-18 コルティーレ銀座４ビル　１Ｆ","月～土、祝前日: 18:00～翌0:00 （料理L.O. 23:30 ドリンクL.O. 23:30）","7001～10000円","https://www.hotpepper.jp/strJ000789223/?vos=nhppalsa000016","03-3573-1141","https://imgfp.hotp.jp/IMGH/27/62/P012112762/P012112762_238.jpg",NULL,"2017-05-12 06:49:00","2017-05-12 07:10:01"
103,"温野菜 新橋銀座口店",35.6680004494,139.7590920928,"東京都港区新橋１-4-5 G10ビル4F","月～日、祝日、祝前日: 17:00～翌0:00 （料理L.O. 翌0:00 ドリンクL.O. 翌0:00）","3001～4000円","https://www.hotpepper.jp/strJ001053845/?vos=nhppalsa000016","050-5887-7303","https://imgfp.hotp.jp/IMGH/43/18/P025794318/P025794318_238.jpg",NULL,"2017-05-12 06:49:00","2017-05-12 07:10:02"
104,"空の灯 スカイテラス 新橋店",35.6680004494,139.7590920928,"東京都港区新橋１-4-5　Ｇ-TENビル　7FーB","月～木、日、祝日: 16:00～翌0:00 （料理L.O. 23:00 ドリンクL.O. 23:00）金、土、祝前日: 16:00～翌1:00 （料理L.O. 翌0:00 ドリンクL.O. 翌0:00）","3001～4000円","https://www.hotpepper.jp/strJ001041490/?vos=nhppalsa000016","050-5877-1007","https://imgfp.hotp.jp/IMGH/10/02/P022841002/P022841002_238.jpg",NULL,"2017-05-12 06:49:01","2017-05-12 07:10:02"
105,"京扇 新橋店",35.6679798943,139.7590237661,"東京都港区新橋１-4-5　Ｇ-TENビル　7FーA","月～木、日、祝日: 16:00～翌0:00 （料理L.O. 23:00 ドリンクL.O. 23:00）金、土、祝前日: 16:00～翌1:00 （料理L.O. 翌0:00 ドリンクL.O. 翌0:00）","2001～3000円","https://www.hotpepper.jp/strJ001041480/?vos=nhppalsa000016","050-5877-1005","https://imgfp.hotp.jp/IMGH/16/29/P026231629/P026231629_238.jpg",NULL,"2017-05-12 06:49:01","2017-05-12 07:10:02"
106,"オラフ Olaugh",35.6685798464,139.7597570130,"東京都中央区銀座８－５－１８　サンウッドビル２Ｆ","月～金、祝前日: 17:00～翌3:00 （料理L.O. 翌2:00 ドリンクL.O. 翌2:30）","5001～7000円","https://www.hotpepper.jp/strJ001135241/?vos=nhppalsa000016","050-5281-4085","https://imgfp.hotp.jp/IMGH/29/72/P025432972/P025432972_238.jpg",NULL,"2017-05-12 06:49:01","2017-05-12 07:10:02"
107,"RAPPORT",35.6685798464,139.7597570130,"東京都中央区銀座８-5-18　サンウッドビル1F","月～金、祝前日: 18:00～翌3:00 （料理L.O. 翌2:30 ドリンクL.O. 翌2:30）土: 18:00～翌0:00 （料理L.O. 23:30 ドリンクL.O. 23:30）","5001～7000円","https://www.hotpepper.jp/strJ001133454/?vos=nhppalsa000016","050-5281-2480","https://imgfp.hotp.jp/IMGH/24/21/P023062421/P023062421_238.jpg",NULL,"2017-05-12 06:49:01","2017-05-12 07:10:03"
108,"ダイニングダーツバー Ｂｅｅ 銀座店",35.6680159984,139.7589148850,"東京都中央区銀座８-5先　銀座ナイン1号館2Ｆ","月～金、祝前日: 17:00～翌5:00土、日、祝日: 15:00～翌5:00","3001～4000円","https://www.hotpepper.jp/strJ001027804/?vos=nhppalsa000016","050-5861-5699","https://imgfp.hotp.jp/IMGH/44/54/P026874454/P026874454_238.jpg",NULL,"2017-05-12 06:49:01","2017-05-12 07:10:03"
109,"鮨 辰巳",35.6686642849,139.7598919982,"東京都中央区銀座８-5-19 園枝ビル１F","月～金、祝前日: 11:30～14:30 （料理L.O. 14:30 ドリンクL.O. 14:30）17:00～23:00 （料理L.O. 23:00 ドリンクL.O. 23:00）土: 11:30～15:00 （料理L.O. 15:00 ドリンクL.O. 15:00）17:00～23:00 （料理L.O. 23:00 ドリンクL.O. 23:00）","10001円～","https://www.hotpepper.jp/strJ000117634/?vos=nhppalsa000016","03-5568-8801","https://imgfp.hotp.jp/IMGH/82/77/P020748277/P020748277_238.jpg",NULL,"2017-05-12 06:49:01","2017-05-12 07:10:03"
110,"寿司 久寿美",35.6685881841,139.7599567180,"東京都中央区銀座８-5-10金成ビル2Ｆ","月～土、祝日、祝前日: 17:00～翌2:00","10001円～","https://www.hotpepper.jp/strJ000954606/?vos=nhppalsa000016","03-3575-0151","https://imgfp.hotp.jp/IMGH/52/64/P020845264/P020845264_238.jpg",NULL,"2017-05-12 06:49:01","2017-05-12 07:10:03"
111,"bar 銀座9丁目",35.6675372447,139.7619557571,"東京都中央区銀座８-10-8 銀座8丁目10番ビルB1F","月～土、祝日、祝前日: 18:00～翌5:00","3001～4000円","https://www.hotpepper.jp/strJ001169604/?vos=nhppalsa000016","050-5286-2965","https://imgfp.hotp.jp/IMGH/57/07/P026915707/P026915707_238.jpg",NULL,"2017-05-12 06:49:02","2017-05-12 07:10:03"
112,"オーラム AURUM 銀座",35.6678588725,139.7618529751,"東京都中央区銀座８-9-15　JEWEL BOX GINZA11F","月～金、祝前日: 18:00～翌4:00 （料理L.O. 翌4:00 ドリンクL.O. 翌4:00）土: 18:00～23:00 （料理L.O. 23:00 ドリンクL.O. 23:00）","4001～5000円","https://www.hotpepper.jp/strJ000723649/?vos=nhppalsa000016","050-5816-3092","https://imgfp.hotp.jp/IMGH/08/31/P025450831/P025450831_238.jpg",NULL,"2017-05-12 06:49:02","2017-05-12 07:10:04"
113,"鉄板焼 銀八 GINYA ぎんや",35.6676616785,139.7620807415,"東京都中央区銀座８-１０-７　東成ビルB１","月～金、祝日、祝前日: 17:30～翌1:00 （料理L.O. 翌0:00 ドリンクL.O. 翌0:00）土: 17:30～翌0:00 （料理L.O. 23:00 ドリンクL.O. 23:00）","7001～10000円","https://www.hotpepper.jp/strJ001100664/?vos=nhppalsa000016","03-3571-5788","https://imgfp.hotp.jp/IMGH/99/06/P023399906/P023399906_238.jpg",NULL,"2017-05-12 06:49:02","2017-05-12 07:10:04"
114,"はしご 銀座 ８丁目店",35.6676616785,139.7620807415,"東京都中央区銀座８-10-7　東成ビル１F","月～金、祝前日: 11:00～翌5:00土: 11:00～21:00祝日: 11:00～20:00","～2000円","https://www.hotpepper.jp/strJ000606880/?vos=nhppalsa000016","03-3572-6986","https://imgfp.hotp.jp/IMGH/52/53/P012085253/P012085253_238.jpg",NULL,"2017-05-12 06:49:02","2017-05-12 07:10:04"
115,"銀座 巴里夕顔",35.6681179961,139.7613341199,"東京都中央区銀座８-8-8 888ビル5F","月～日、祝日、祝前日: 11:30～15:00 （料理L.O. 15:00 ドリンクL.O. 15:00）17:00～21:00 （料理L.O. 20:30 ドリンクL.O. 20:30）","7001～10000円","https://www.hotpepper.jp/strJ001170410/?vos=nhppalsa000016","03-5568-8883","https://imgfp.hotp.jp/IMGH/24/51/P027182451/P027182451_238.jpg",NULL,"2017-05-12 06:49:02","2017-05-12 07:10:04"
116,"エスタード ESTADO 銀座店",35.6681310497,139.7613168986,"東京都中央区銀座８-8-8　銀座888ビル4Ｆ","月～土、祝前日: 18:00～翌5:00 （料理L.O. 翌4:00 ドリンクL.O. 翌4:00）","7001～10000円","https://www.hotpepper.jp/strJ000797266/?vos=nhppalsa000016","050-5280-1856","https://imgfp.hotp.jp/IMGH/23/72/P024592372/P024592372_238.jpg",NULL,"2017-05-12 06:49:02","2017-05-12 07:10:04"
117,"GINZA KOSO コーソー",35.6681310497,139.7613168986,"東京都中央区銀座８-８-８　銀座８８８ビル８Ｆ","月～金、祝前日: 11:30～14:30 （料理L.O. 14:00 ドリンクL.O. 14:00）17:30～翌4:00 （料理L.O. 翌3:00 ドリンクL.O. 翌3:00）土、日、祝日: 11:30～15:00 （料理L.O. 14:30 ドリンクL.O. 14:00）17:30～22:00 （料理L.O. 21:00 ドリンクL.O. 21:00）","7001～10000円","https://www.hotpepper.jp/strJ000765248/?vos=nhppalsa000016","050-5815-5242","https://imgfp.hotp.jp/IMGH/97/82/P017569782/P017569782_238.jpg",NULL,"2017-05-12 06:49:02","2017-05-12 07:10:05"
118,"巴里夕顔 銀座",35.6681310497,139.7613168986,"東京都中央区銀座８‐８‐８　銀座８８８ビル５F","月～日、祝日、祝前日: 11:30～15:00 （料理L.O. 15:00 ドリンクL.O. 15:00）17:00～22:00 （料理L.O. 22:00 ドリンクL.O. 22:00）","7001～10000円","https://www.hotpepper.jp/strJ000758812/?vos=nhppalsa000016","050-5845-5001","https://imgfp.hotp.jp/IMGH/46/57/P023854657/P023854657_238.jpg",NULL,"2017-05-12 06:49:02","2017-05-12 07:10:05"
119,"GMA8",35.6681310497,139.7613168986,"東京都中央区銀座８-8-8　銀座888ビル　８F","月～金、祝前日: 11:30～14:3017:30～翌4:00 （料理L.O. 翌3:00 ドリンクL.O. 翌3:00）土、日、祝日: 11:30～15:0017:30～22:00 （料理L.O. 21:00 ドリンクL.O. 21:00）","7001～10000円","https://www.hotpepper.jp/strJ000765376/?vos=nhppalsa000016","03-6255-5588","https://imgfp.hotp.jp/IMGH/06/85/P015870685/P015870685_238.jpg",NULL,"2017-05-12 06:49:02","2017-05-12 07:10:05"
120,"てしごと家 銀座店",35.6669117343,139.7610086404,"東京都港区新橋１-7-11　橋善ビル2F","月～金、祝前日: 17:00～翌4:00 （料理L.O. 翌3:00 ドリンクL.O. 翌3:00）","4001～5000円","https://www.hotpepper.jp/strJ000684777/?vos=nhppalsa000016","03-5537-2555","https://imgfp.hotp.jp/IMGH/56/29/P024685629/P024685629_238.jpg",NULL,"2017-05-12 06:49:02","2017-05-12 07:10:05"
121,"なもバー",35.6669117343,139.7610086404,"東京都港区新橋１－７－１１　橋善ビルＢ１","月～木、祝前日: 18:00～翌3:00 （料理L.O. 翌2:00 ドリンクL.O. 翌2:30）金: 18:00～翌4:00 （料理L.O. 翌3:00 ドリンクL.O. 翌3:30）","5001～7000円","https://www.hotpepper.jp/strJ000005349/?vos=nhppalsa000016","03-5537-1333","https://imgfp.hotp.jp/IMGH/68/30/P024546830/P024546830_238.jpg",NULL,"2017-05-12 06:49:02","2017-05-12 07:10:06"
122,"悠楽鮮味房",35.6663395692,139.7607364643,"東京都港区東新橋１-１-２　アソルティ東新橋ビルＢ１","月～土、祝前日: 11:30～14:30 （料理L.O. 14:30 ドリンクL.O. 14:30）17:00～22:30 （料理L.O. 22:30 ドリンクL.O. 22:30）","2001～3000円","https://www.hotpepper.jp/strJ000001686/?vos=nhppalsa000016","050-5282-9875","https://imgfp.hotp.jp/IMGH/68/82/P024506882/P024506882_238.jpg",NULL,"2017-05-12 06:49:02","2017-05-12 07:10:06"
123,"メディアカフェ ポパイ GG新橋店",35.6663426241,139.7607259095,"東京都港区東新橋１-1-2 アソルティ東新橋ビル6・7・8F","月～日、祝日、祝前日: 07:00～翌7:00 （料理L.O. 翌7:00 ドリンクL.O. 翌7:00）","～2000円","https://www.hotpepper.jp/strJ001134533/?vos=nhppalsa000016","050-5281-2827","https://imgfp.hotp.jp/IMGH/04/60/P022470460/P022470460_238.jpg",NULL,"2017-05-12 06:49:02","2017-05-12 07:10:06"
124,"中国料理 江南春",35.6676433510,139.7622190638,"東京都中央区銀座８－１０－５ 第４秀和ビル","月～土、祝前日: 11:30～14:30 （料理L.O. 14:30 ドリンクL.O. 14:30）17:00～翌6:00 （料理L.O. 翌5:30 ドリンクL.O. 翌5:30）","4001～5000円","https://www.hotpepper.jp/strJ000117506/?vos=nhppalsa000016","050-5257-5561","https://imgfp.hotp.jp/IMGH/55/08/P022945508/P022945508_238.jpg",NULL,"2017-05-12 06:49:02","2017-05-12 07:10:06"
125,"ダイニングバー ひろ 銀座",35.6680255363,139.7624473624,"東京都中央区銀座８-10-16進藤3Ｆ","月～日、祝日、祝前日: 18:30～翌1:00","5001～7000円","https://www.hotpepper.jp/strJ000238602/?vos=nhppalsa000016","050-5281-2255","https://imgfp.hotp.jp/IMGH/07/29/P026480729/P026480729_238.jpg",NULL,"2017-05-12 06:49:02","2017-05-12 07:10:06"
126,"しゃくしゃく",35.6697287444,139.7649354160,"東京都中央区銀座５－９－１１銀座ファゼンダビル４Ｆ","月～土、祝前日: 16:30～翌5:00 （料理L.O. 翌4:00 ドリンクL.O. 翌4:30）","4001～5000円","https://www.hotpepper.jp/strJ000004856/?vos=nhppalsa000016","03-3289-4888","https://imgfp.hotp.jp/IMGH/14/69/P010391469/P010391469_238.jpg",NULL,"2017-05-12 06:49:03","2017-05-12 07:10:07"
127,"産直鮮魚 ぎんざ 五平",35.6699381614,139.7647904199,"東京都中央区銀座５丁目９－１３　菊正ビルB1F （ファミリーマートの隣地下1F）","月～日、祝日、祝前日: 16:00～23:00 （料理L.O. 23:00 ドリンクL.O. 23:00）","3001～4000円","https://www.hotpepper.jp/strJ001019055/?vos=nhppalsa000016","050-5852-3019","https://imgfp.hotp.jp/IMGH/76/34/P025917634/P025917634_238.jpg",NULL,"2017-05-12 06:49:03","2017-05-12 07:10:07"
128,"KONYA コンヤ",35.6699476065,139.7648554140,"東京都中央区銀座５-9-13 B2Ｆ","火～土、祝前日: 11:30～15:0017:00～翌0:00日、祝日: 11:30～15:0017:00～22:00","3001～4000円","https://www.hotpepper.jp/strJ000747249/?vos=nhppalsa000016","050-5286-2374","https://imgfp.hotp.jp/IMGH/48/01/P012984801/P012984801_238.jpg",NULL,"2017-05-12 06:49:03","2017-05-12 07:10:07"
129,"銀座ぶしょん",35.6699476066,139.7648581916,"東京都中央区銀座５－９－１３　菊正ビルＢ２","月～土、祝前日: 18:00～翌2:00 （料理L.O. 翌2:00 ドリンクL.O. 翌2:00）","5001～7000円","https://www.hotpepper.jp/strJ000742782/?vos=nhppalsa000016","050-5281-2483","https://imgfp.hotp.jp/IMGH/45/29/P011884529/P011884529_238.jpg",NULL,"2017-05-12 06:49:03","2017-05-12 07:10:07"
130,"赤から 銀座5丁目店",35.6697623539,139.7650156856,"東京都中央区銀座５-9-11 銀座ファゼンダビルＢ1Ｆ","月～金: 16:00～23:30土、日、祝日、祝前日: 15:00～23:30","2001～3000円","https://www.hotpepper.jp/strJ000861806/?vos=nhppalsa000016","050-5816-8474","https://imgfp.hotp.jp/IMGH/22/17/P022102217/P022102217_238.jpg",NULL,"2017-05-12 06:49:03","2017-05-12 07:10:08"
131,"つぼ八 銀座本店",35.6697884622,139.7650209619,"東京都中央区銀座５-9-11銀座ファゼンダビル3F","月～日、祝日、祝前日: 16:00～翌1:00 （料理L.O. 翌0:00 ドリンクL.O. 翌0:30）","2001～3000円","https://www.hotpepper.jp/strJ000004620/?vos=nhppalsa000016","050-5815-0361","https://imgfp.hotp.jp/IMGH/93/39/P026789339/P026789339_238.jpg",NULL,"2017-05-12 06:49:03","2017-05-12 07:10:08"
132,"温野菜 銀座5丁目店",35.6699145588,139.7650087357,"東京都中央区銀座５-9-12　ダイヤモンドビル　B2F","月～金、祝前日: 17:00～翌0:00 （料理L.O. 23:00）土、日、祝日: 11:30～翌0:00 （料理L.O. 23:00）","3001～4000円","https://www.hotpepper.jp/strJ001153127/?vos=nhppalsa000016","050-5283-9223","https://imgfp.hotp.jp/IMGH/43/18/P025794318/P025794318_238.jpg",NULL,"2017-05-12 06:49:03","2017-05-12 07:10:08"
133,"パーティースペース 銀座ファゼンダ",35.6697920746,139.7650831787,"東京都中央区銀座５-9-11　緑ビル5～9F","月～金、祝前日: 12:00～翌6:00土、日、祝日: 11:00～翌6:00","2001～3000円","https://www.hotpepper.jp/strJ000063679/?vos=nhppalsa000016","050-5815-2625","https://imgfp.hotp.jp/IMGH/53/00/P025195300/P025195300_238.jpg",NULL,"2017-05-12 06:49:03","2017-05-12 07:10:08"
134,"和民 銀座5丁目店",35.6697920746,139.7650831787,"東京都中央区銀座５－９－11 緑ビル2F","月～木、日、祝日: 17:00～翌3:00金、土、祝前日: 17:00～翌5:00","2001～3000円","https://www.hotpepper.jp/strJ000117042/?vos=nhppalsa000016","050-5815-7829","https://imgfp.hotp.jp/IMGH/33/83/P027003383/P027003383_238.jpg",NULL,"2017-05-12 06:49:03","2017-05-12 07:10:09"
135,"300バー Bar 銀座5丁目店",35.6698281835,139.7651526158,"東京都中央区銀座５－９－１１　ファゼンダビルＢ１","月～日、祝日、祝前日: 17:00～翌2:00","～2000円","https://www.hotpepper.jp/strJ000000445/?vos=nhppalsa000016","03-3572-6300","https://imgfp.hotp.jp/IMGH/38/36/P011363836/P011363836_238.jpg",NULL,"2017-05-12 06:49:03","2017-05-12 07:10:09"
136,"Sky Grill Dining 香る銀座",35.6725026719,139.7676664616,"東京都中央区銀座２-8-12　ユニデン銀座ビル 8F","月～日、祝日、祝前日: 16:00～翌0:00 （料理L.O. 23:00 ドリンクL.O. 23:30）","4001～5000円","https://www.hotpepper.jp/strJ001147332/?vos=nhppalsa000016","050-5283-5737","https://imgfp.hotp.jp/IMGH/56/35/P026555635/P026555635_238.jpg",NULL,"2017-05-12 06:49:04","2017-05-12 07:10:09"
137,"Sky Grill Dining 香る銀座 有楽町店",35.6725043389,139.7676853488,"東京都中央区銀座２-8-12 ユニデン銀座ビル8F","月～日、祝日、祝前日: 17:00～翌0:00 （料理L.O. 23:00 ドリンクL.O. 23:30）","4001～5000円","https://www.hotpepper.jp/strJ001162184/?vos=nhppalsa000016","050-5285-3702","https://imgfp.hotp.jp/IMGH/48/78/P026324878/P026324878_238.jpg",NULL,"2017-05-12 06:49:04","2017-05-12 07:10:09"
138,"うま粋 umaiki 銀座本店",35.6725454458,139.7677031234,"東京都中央区銀座２-8-12　ユニデン銀座ビル 8F","月～日、祝日、祝前日: 17:00～翌0:00 （料理L.O. 23:00 ドリンクL.O. 23:30）","4001～5000円","https://www.hotpepper.jp/strJ001147331/?vos=nhppalsa000016","050-5283-5738","https://imgfp.hotp.jp/IMGH/42/65/P026604265/P026604265_238.jpg",NULL,"2017-05-12 06:49:04","2017-05-12 07:10:10"
139,"ジロンド GIRONDE",35.6715669221,139.7668524016,"東京都中央区銀座３-7-13成田屋ビル4Ｆ","月～金: 18:00～翌1:00 （料理L.O. 翌1:00 ドリンクL.O. 翌1:00）土: 18:00～23:30 （料理L.O. 23:30 ドリンクL.O. 23:30）祝日、祝前日: 18:00～23:00 （料理L.O. 23:00 ドリンクL.O. 23:00）","4001～5000円","https://www.hotpepper.jp/strJ000788829/?vos=nhppalsa000016","050-5572-8216","https://imgfp.hotp.jp/IMGH/32/09/P020703209/P020703209_238.jpg",NULL,"2017-05-12 06:49:04","2017-05-12 07:10:10"
140,"銀座 アンドレ ANDRE",35.6715974902,139.7674495719,"東京都中央区銀座３-8-13銀座三丁目ビル１F","月～金: 15:00～翌1:00土、日、祝日、祝前日: 15:00～翌0:00","2001～3000円","https://www.hotpepper.jp/strJ000957137/?vos=nhppalsa000016","03-5524-3501","https://imgfp.hotp.jp/IMGH/36/07/P013133607/P013133607_238.jpg",NULL,"2017-05-12 06:49:04","2017-05-12 07:10:10"
141,"ディプント Di PUNTO 銀座三丁目店",35.6716374919,139.7676801063,"東京都中央区銀座３‐９‐１８　東銀座ビル１Ｆ ","月～木: 16:00～翌0:00 （料理L.O. 23:00 ドリンクL.O. 23:30）金、祝前日: 16:00～翌3:00 （料理L.O. 翌2:00 ドリンクL.O. 翌2:30）土、日、祝日: 16:00～23:30 （料理L.O. 22:30 ドリンクL.O. 23:00）","2001～3000円","https://www.hotpepper.jp/strJ000767073/?vos=nhppalsa000016","050-5815-7425","https://imgfp.hotp.jp/IMGH/67/05/P026036705/P026036705_238.jpg",NULL,"2017-05-12 06:49:04","2017-05-12 07:10:10"
142,"GINZA ABCラーメン",35.6727781583,139.7662393495,"東京都中央区銀座３-5-5　南風ビルB1F","月～日、祝日、祝前日: 11:30～翌0:00","～2000円","https://www.hotpepper.jp/strJ000116841/?vos=nhppalsa000016","03-3564-2709","https://imgfp.hotp.jp/IMGH/32/01/P022663201/P022663201_238.jpg",NULL,"2017-05-12 06:49:04","2017-05-12 07:10:11"
143,"shiokara",35.6730653842,139.7675872791,"東京都中央区銀座２-7-7 銀座ロビーB1F","月～土、祝前日: 18:00～翌3:00","4001～5000円","https://www.hotpepper.jp/strJ000005508/?vos=nhppalsa000016","050-5827-5672","https://imgfp.hotp.jp/IMGH/00/82/P026270082/P026270082_238.jpg",NULL,"2017-05-12 06:49:04","2017-05-12 07:10:11"
144,"でーびる沖縄",35.6713094594,139.7671637744,"東京都中央区銀座３-8-10銀座朝日ビルB1F","月～日、祝日、祝前日: 11:30～15:00 （料理L.O. 14:30 ドリンクL.O. 14:30）17:00～翌4:00 （料理L.O. 翌2:30 ドリンクL.O. 翌3:00）","3001～4000円","https://www.hotpepper.jp/strJ001042724/?vos=nhppalsa000016","050-5283-1999","https://imgfp.hotp.jp/IMGH/64/89/P024706489/P024706489_238.jpg",NULL,"2017-05-12 06:49:04","2017-05-12 07:10:11"
145,"oasis BAR オアシス バー feel at ease",35.6727112158,139.7660302033,"東京都中央区銀座３－５－１６　第二島田ビルＢ１Ｆ","月～金、祝前日: 18:00～翌4:00 （料理L.O. 翌3:30 ドリンクL.O. 翌3:30）土: 18:00～翌0:00 （料理L.O. 23:00 ドリンクL.O. 23:30）","3001～4000円","https://www.hotpepper.jp/strJ000003067/?vos=nhppalsa000016","050-5282-3707","https://imgfp.hotp.jp/IMGH/22/21/P026792221/P026792221_238.jpg",NULL,"2017-05-12 06:49:04","2017-05-12 07:10:11"
146,"カラオケ館 八重洲店",35.6808215449,139.7709294614,"東京都中央区八重洲１－７－９　八重洲B&Vビル","月～木、土、日、祝日: 12:00～翌5:00金、祝前日: 12:00～翌6:00","2001～3000円","https://www.hotpepper.jp/strJ000740431/?vos=nhppalsa000016","050-5281-5925","https://imgfp.hotp.jp/IMGH/20/96/P023352096/P023352096_238.jpg",NULL,"2017-05-12 06:49:06","2017-05-12 07:10:11"
147,"CELTS ケルツ 八重洲店 IRISH PUB",35.6807276719,139.7711269484,"東京都中央区日本橋３－２－１７","月～土、祝前日: 14:00～翌5:00日、祝日: 14:00～23:30","2001～3000円","https://www.hotpepper.jp/strJ000027419/?vos=nhppalsa000016","050-5815-1019","https://imgfp.hotp.jp/IMGH/46/05/P015724605/P015724605_238.jpg",NULL,"2017-05-12 06:49:06","2017-05-12 07:10:13"
148,"ビッグエコー BIG ECHO 八重洲中央店",35.6807529402,139.7708805794,"東京都中央区八重洲１－７－１０　八重洲ＹＫビル","月～木、土: 18:00～翌2:00金、祝前日: 18:00～翌5:00","2001～3000円","https://www.hotpepper.jp/strJ000010865/?vos=nhppalsa000016","050-5827-5319","https://imgfp.hotp.jp/IMGH/42/28/P025704228/P025704228_238.jpg",NULL,"2017-05-12 06:49:06","2017-05-12 07:10:13"
149,"Italian BAR KIMURAYA 東京駅八重洲日本橋",35.6808743134,139.7708016923,"東京都中央区八重洲１-7-7　吉川ビル1F","月～金、祝前日: 16:00～翌2:00土: 15:00～翌2:00日、祝日: 15:00～翌0:00","3001～4000円","https://www.hotpepper.jp/strJ000981856/?vos=nhppalsa000016","050-5841-2016","https://imgfp.hotp.jp/IMGH/99/09/P024039909/P024039909_238.jpg",NULL,"2017-05-12 06:49:06","2017-05-12 07:10:13"
150,"千や",35.6808743134,139.7708016923,"東京都中央区八重洲１－７－７","月～金、祝前日: 15:30～翌0:30 （料理L.O. 23:30）土、日、祝日: 15:30～翌0:00 （料理L.O. 23:00）","3001～4000円","https://www.hotpepper.jp/strJ000119130/?vos=nhppalsa000016","050-5815-0641","https://imgfp.hotp.jp/IMGH/35/01/P027143501/P027143501_238.jpg",NULL,"2017-05-12 06:49:06","2017-05-12 07:10:13"
151,"創作和食 いろり 八重洲店",35.6807821009,139.7707786424,"東京都中央区八重洲１-7-10 今井ビル7F","月～日、祝日、祝前日: 11:00～15:00 （料理L.O. 15:00 ドリンクL.O. 15:00）17:00～23:30 （料理L.O. 23:30 ドリンクL.O. 23:30）","2001～3000円","https://www.hotpepper.jp/strJ001135425/?vos=nhppalsa000016","050-5281-5277","https://imgfp.hotp.jp/IMGH/29/62/P023522962/P023522962_238.jpg",NULL,"2017-05-12 06:49:06","2017-05-12 07:10:14"
152,"鳥炎 八重洲駅前店",35.6807821009,139.7707786424,"東京都中央区八重洲１-7-10　今井ビル7F","月～日、祝日、祝前日: 11:00～16:00 （料理L.O. 15:30 ドリンクL.O. 15:30）17:00～翌0:00 （料理L.O. 翌0:00 ドリンクL.O. 翌0:00）","2001～3000円","https://www.hotpepper.jp/strJ001135419/?vos=nhppalsa000016","050-5281-5309","https://imgfp.hotp.jp/IMGH/29/99/P023522999/P023522999_238.jpg",NULL,"2017-05-12 06:49:06","2017-05-12 07:10:14"
153,"居酒屋 旨味 八重洲店",35.6808876439,139.7707525293,"東京都中央区八重洲１-7-7 吉川ビル5F","月～日、祝日、祝前日: 11:00～翌0:00 （料理L.O. 23:00 ドリンクL.O. 23:30）","4001～5000円","https://www.hotpepper.jp/strJ001168805/?vos=nhppalsa000016","050-5286-1339","https://imgfp.hotp.jp/IMGH/70/36/P026857036/P026857036_238.jpg",NULL,"2017-05-12 06:49:06","2017-05-12 07:10:16"
154,"深味 hukami",35.6809176402,139.7707422512,"東京都中央区八重洲１-7-7 吉川ビル5階","月～日、祝日、祝前日: 11:00～翌0:00 （料理L.O. 23:00 ドリンクL.O. 23:30）","4001～5000円","https://www.hotpepper.jp/strJ001160662/?vos=nhppalsa000016","050-5284-8758","https://imgfp.hotp.jp/IMGH/80/31/P026068031/P026068031_238.jpg",NULL,"2017-05-12 06:49:06","2017-05-12 07:10:16"
155,"はんなり邸 八重洲本店",35.6806965563,139.7708266974,"東京都中央区八重洲１-7-10 今井ビル2F","月～木: 16:00～翌0:00 （料理L.O. 23:00 ドリンクL.O. 23:30）金、祝前日: 16:00～翌4:30 （料理L.O. 翌3:30 ドリンクL.O. 翌4:00）土、日、祝日: 14:00～23:30 （料理L.O. 22:30 ドリンクL.O. 23:00）","3001～4000円","https://www.hotpepper.jp/strJ001042815/?vos=nhppalsa000016","03-3527-9428","https://imgfp.hotp.jp/IMGH/09/93/P021930993/P021930993_238.jpg",NULL,"2017-05-12 06:49:06","2017-05-12 07:10:16"
156,"魚龍 渋谷店",35.6599553050,139.6989864103,"東京都渋谷区宇田川町26-4 Luビル３F","月～日、祝日、祝前日: 17:00～翌5:00 （料理L.O. 翌4:30 ドリンクL.O. 翌4:30）","2001～3000円","https://www.hotpepper.jp/strJ001018263/?vos=nhppalsa000016","050-5280-7358","https://imgfp.hotp.jp/IMGH/28/56/P026342856/P026342856_238.jpg",NULL,"2017-05-12 06:51:18","2017-05-12 07:10:17"
157,"渋谷ガーデンファーム 渋谷駅前店",35.6601605798,139.6997396714,"東京都渋谷区宇田川町24-4センター244　3階","月～日、祝日、祝前日: 17:00～翌0:00 （料理L.O. 23:00 ドリンクL.O. 23:30）","2001～3000円","https://www.hotpepper.jp/strJ000980444/?vos=nhppalsa000016","050-5841-0764","https://imgfp.hotp.jp/IMGH/06/26/P022530626/P022530626_238.jpg",NULL,"2017-05-12 06:51:18","2017-05-12 07:10:17"
158,"Sala noiz",35.6599997173,139.6979670507,"東京都渋谷区道玄坂２－２９－１８ 才藤第二ビル４Ｆ","月～日、祝日、祝前日: 18:00～翌4:30 （料理L.O. 翌2:00 ドリンクL.O. 翌4:30）","3001～4000円","https://www.hotpepper.jp/strJ000747257/?vos=nhppalsa000016","050-5281-8298","https://imgfp.hotp.jp/IMGH/55/10/P027045510/P027045510_238.jpg",NULL,"2017-05-12 06:51:18","2017-05-12 07:10:17"
159,"デルソーレ DEL SOLE 渋谷",35.6591181403,139.6976068388,"東京都渋谷区道玄坂２-２８-２-５Ｆ","月～日、祝日、祝前日: 11:30～翌5:00 （料理L.O. 翌4:00 ドリンクL.O. 翌4:30）","2001～3000円","https://www.hotpepper.jp/strJ001169852/?vos=nhppalsa000016","050-5286-4532","https://imgfp.hotp.jp/IMGH/67/95/P026916795/P026916795_238.jpg",NULL,"2017-05-12 06:51:18","2017-05-12 07:10:18"
160,"きらり 渋谷本店",35.6599553050,139.6989864103,"東京都渋谷区宇田川町26-4","月～木、日、祝日: 17:00～翌0:00 （料理L.O. 翌0:00 ドリンクL.O. 翌0:00）金、土、祝前日: 17:00～翌3:00 （料理L.O. 翌3:00 ドリンクL.O. 翌3:00）","2001～3000円","https://www.hotpepper.jp/strJ001100936/?vos=nhppalsa000016","050-5572-9714","https://imgfp.hotp.jp/IMGH/25/65/P026342565/P026342565_238.jpg",NULL,"2017-05-12 06:51:18","2017-05-12 07:10:19"
161,"渋谷テラス 渋谷駅前店",35.6609776812,139.6986591749,"東京都渋谷区宇田川町13-7 子安ビル4F","月～日、祝日、祝前日: 17:00～翌0:00 （料理L.O. 23:00 ドリンクL.O. 23:30）","2001～3000円","https://www.hotpepper.jp/strJ001117829/?vos=nhppalsa000016","050-5265-4091","https://imgfp.hotp.jp/IMGH/75/19/P023487519/P023487519_238.jpg",NULL,"2017-05-12 06:51:18","2017-05-12 07:10:19"
162,"四季 渋谷駅前店",35.6601505646,139.6991291681,"東京都渋谷区宇田川町26-11-4F","月～日、祝日、祝前日: 16:00～翌0:00 （料理L.O. 23:30 ドリンクL.O. 23:30）","2001～3000円","https://www.hotpepper.jp/strJ001168102/?vos=nhppalsa000016","050-5285-9686","https://imgfp.hotp.jp/IMGH/34/55/P026743455/P026743455_238.jpg",NULL,"2017-05-12 06:51:18","2017-05-12 07:10:19"
163,"肉バルダイニング Sumika すみか",35.6602718873,139.6971587751,"東京都渋谷区道玄坂２－２５－１０　ベニー清建ビル４F","月: 11:00～翌5:00 （料理L.O. 翌4:00 ドリンクL.O. 翌4:30）火～日、祝日、祝前日: 11:00～翌5:00 （料理L.O. 23:00 ドリンクL.O. 23:00）","～2000円","https://www.hotpepper.jp/strJ001054195/?vos=nhppalsa000016","050-5828-1782","https://imgfp.hotp.jp/IMGH/15/05/P026541505/P026541505_238.jpg",NULL,"2017-05-12 06:51:18","2017-05-12 07:10:20"
164,"Cocona ココナ 渋谷駅前店",35.6599000469,139.6994897030,"東京都渋谷区宇田川町23-235-6F","月～日、祝日、祝前日: 17:00～翌5:00 （料理L.O. 翌4:00 ドリンクL.O. 翌4:00）","2001～3000円","https://www.hotpepper.jp/strJ001153810/?vos=nhppalsa000016","050-5827-4692","https://imgfp.hotp.jp/IMGH/53/45/P025405345/P025405345_238.jpg",NULL,"2017-05-12 06:51:18","2017-05-12 07:10:21"
165,"H2 エイチツー 渋谷",35.6610415241,139.6972065180,"東京都渋谷区宇田川町３２-６　長崎ビル４F　渋谷駅徒歩５分/HEROと同じフロアになります。","月～日、祝日、祝前日: 17:00～翌5:00 （料理L.O. 翌5:00 ドリンクL.O. 翌5:00）","2001～3000円","https://www.hotpepper.jp/strJ001160545/?vos=nhppalsa000016","050-5284-7395","https://imgfp.hotp.jp/IMGH/81/51/P026438151/P026438151_238.jpg",NULL,"2017-05-12 06:51:18","2017-05-12 07:10:21"
166,"椿や 日本橋店",35.6820853326,139.7724626137,"東京都中央区日本橋２-2-4 せっつビル3Ｆ","月～日、祝日、祝前日: 16:00～翌0:00 （料理L.O. 23:00 ドリンクL.O. 23:30）","2001～3000円","https://www.hotpepper.jp/strJ001026484/?vos=nhppalsa000016","050-5852-7107","https://imgfp.hotp.jp/IMGH/98/80/P026379880/P026379880_238.jpg",NULL,"2017-05-12 06:51:19","2017-05-12 07:10:21"
167,"北国炉端 ときしらず 東京駅八重洲",35.6805224017,139.7705464504,"東京都中央区八重洲１-8-6　1-2F","月～土: 16:00～翌0:00 （料理L.O. 23:00 ドリンクL.O. 23:30）日、祝日: 16:00～23:00 （料理L.O. 22:00 ドリンクL.O. 22:30）祝前日: 16:00～翌0:00 （料理L.O. 23:30 ドリンクL.O. 23:30）","3001～4000円","https://www.hotpepper.jp/strJ001125999/?vos=nhppalsa000016","050-5280-0613","https://imgfp.hotp.jp/IMGH/22/11/P022482211/P022482211_238.jpg",NULL,"2017-05-12 06:51:19","2017-05-12 07:10:22"
168,"カスピタ！東京 八重洲",35.6815520158,139.7708358289,"東京都中央区八重洲１－５－１５　田中八重洲ビルＢ１","月～金、祝前日: 11:30～15:00 （料理L.O. 14:30 ドリンクL.O. 14:30）17:00～23:30 （料理L.O. 22:30 ドリンクL.O. 22:30）土: 11:30～15:00 （料理L.O. 14:30 ドリンクL.O. 14:30）17:00～23:00祝日: 11:30～15:00 （料理L.O. 14:30 ドリンクL.O. 14:30）17:00～23:00 （料理L.O. 22:00 ドリンクL.O. 22:30）","3001～4000円","https://www.hotpepper.jp/strJ000012128/?vos=nhppalsa000016","050-5815-1834","https://imgfp.hotp.jp/IMGH/38/07/P014863807/P014863807_238.jpg",NULL,"2017-05-12 06:51:19","2017-05-12 07:10:24"
169,"創作和食 小次郎",35.6806968337,139.7708136429,"東京都中央区八重洲１-7-10 4F","月～日、祝日、祝前日: 11:00～翌0:00 （料理L.O. 23:30 ドリンクL.O. 23:30）","3001～4000円","https://www.hotpepper.jp/strJ001155106/?vos=nhppalsa000016","050-5284-1511","https://imgfp.hotp.jp/IMGH/73/55/P026857355/P026857355_238.jpg",NULL,"2017-05-12 06:51:19","2017-05-12 07:10:26"
170,"虎の尾 Toranoo 東京駅店",35.6812498136,139.7703144964,"東京都中央区八重洲１-6-15 キングビル5階","月～日、祝日、祝前日: 11:00～翌0:00 （料理L.O. 23:00 ドリンクL.O. 23:30）","4001～5000円","https://www.hotpepper.jp/strJ001160661/?vos=nhppalsa000016","050-5284-8753","https://imgfp.hotp.jp/IMGH/88/42/P027078842/P027078842_238.jpg",NULL,"2017-05-12 06:51:19","2017-05-12 07:10:26"
171,"LOBOS ロボス 日比谷店",35.6724205348,139.7601171060,"東京都千代田区有楽町１－２－１２ダイハツ有楽町ビルB1F","月～木、祝前日: 11:30～14:30 （料理L.O. 14:00 ドリンクL.O. 14:00）17:00～翌0:00 （料理L.O. 23:00 ドリンクL.O. 23:00）金: 11:30～14:30 （料理L.O. 14:00 ドリンクL.O. 14:00）17:00～翌0:30 （料理L.O. 23:30 ドリンクL.O. 23:30）土、日、祝日: 17:00～翌0:00 （料理L.O. 23:00 ドリンクL.O. 23:00）","3001～4000円","https://www.hotpepper.jp/strJ000691057/?vos=nhppalsa000016","050-5815-5700","https://imgfp.hotp.jp/IMGH/85/63/P027018563/P027018563_238.jpg",NULL,"2017-05-12 06:51:19","2017-05-12 07:10:26"
172,"スナッパー&グルーパー SNAPPER&GROUPER",35.6710254158,139.7601829898,"東京都中央区銀座７－２－２０　パシフィック銀座ビル１Ｆ","月～土、祝前日: 17:00～翌5:00 （料理L.O. 翌4:00 ドリンクL.O. 翌4:00）日、祝日: 17:00～23:00 （料理L.O. 22:30 ドリンクL.O. 22:30）","2001～3000円","https://www.hotpepper.jp/strJ000003029/?vos=nhppalsa000016","050-5815-5247","https://imgfp.hotp.jp/IMGH/62/64/P025426264/P025426264_238.jpg",NULL,"2017-05-12 06:51:19","2017-05-12 07:10:26"
173,"柚柚 yuyu 東銀座駅前店",35.6682553499,139.7668353139,"東京都中央区銀座５－１４－１０　矢野新ビル【地下１階】　※1階がローソンのビル","月～土、祝日、祝前日: 17:00～23:00","3001～4000円","https://www.hotpepper.jp/strJ000000481/?vos=nhppalsa000016","03-3248-0701","https://imgfp.hotp.jp/IMGH/69/25/P026266925/P026266925_238.jpg",NULL,"2017-05-12 06:51:19","2017-05-12 07:10:27"
174,"柚柚 yuyu 東銀座駅前店 離れ",35.6683370051,139.7667475403,"東京都中央区銀座５－１４－１０　矢野新ビル【地下１階】　※1階がローソンのビル★","月～土、祝日、祝前日: 17:00～23:00","3001～4000円","https://www.hotpepper.jp/strJ001160764/?vos=nhppalsa000016","03-3248-0701","https://imgfp.hotp.jp/IMGH/69/25/P026266925/P026266925_238.jpg",NULL,"2017-05-12 06:51:19","2017-05-12 07:10:27"
175,"白海 銀座店",35.6717252132,139.7659385840,"東京都中央区銀座４-6-18　銀座アクトビル6F-B","月～木、土、日、祝日: 16:00～翌0:00 （料理L.O. 23:00 ドリンクL.O. 23:00）金、祝前日: 16:00～翌1:00 （料理L.O. 翌0:00 ドリンクL.O. 翌0:00）","3001～4000円","https://www.hotpepper.jp/strJ001098835/?vos=nhppalsa000016","050-5887-7727","https://imgfp.hotp.jp/IMGH/68/15/P025956815/P025956815_238.jpg",NULL,"2017-05-12 06:51:19","2017-05-12 07:10:27"
176,"銀座 ドギーズ",35.6709108046,139.7638526827,"東京都中央区銀座５－６－８　１Ｆ","月～土、祝日、祝前日: 17:00～翌2:00","3001～4000円","https://www.hotpepper.jp/strJ000011868/?vos=nhppalsa000016","050-5815-1678","https://imgfp.hotp.jp/IMGH/36/41/P024613641/P024613641_238.jpg",NULL,"2017-05-12 06:51:19","2017-05-12 07:10:27"
177,"肉バル つるせんにん 新橋駅前店",35.6662822637,139.7573811959,"東京都港区新橋２-16-1　新橋ビル314","月～日、祝日、祝前日: 11:30～翌0:30 （料理L.O. 翌0:30 ドリンクL.O. 翌0:30）","2001～3000円","https://www.hotpepper.jp/strJ001162172/?vos=nhppalsa000016","050-5285-4022","https://imgfp.hotp.jp/IMGH/38/82/P026263882/P026263882_238.jpg",NULL,"2017-05-12 06:51:20","2017-05-12 07:10:28"
178,"響邸 新橋駅前店",35.6658173102,139.7571615110,"東京都港区新橋３-16-3 烏森ビル5Ｆ","月～木、日、祝日: 16:00～翌1:00金、土、祝前日: 16:00～翌4:30","2001～3000円","https://www.hotpepper.jp/strJ001116939/?vos=nhppalsa000016","050-5265-1120","https://imgfp.hotp.jp/IMGH/00/77/P026130077/P026130077_238.jpg",NULL,"2017-05-12 06:51:20","2017-05-12 07:10:28"
179,"九州黒太鼓 新橋",35.6664811133,139.7567506859,"東京都港区新橋２-15-7 S-PLAZA弥生ビル8F","月～木、土、日、祝日: 17:00～23:30金、祝前日: 17:00～翌2:00","3001～4000円","https://www.hotpepper.jp/strJ001037201/?vos=nhppalsa000016","050-5816-6567","https://imgfp.hotp.jp/IMGH/97/57/P019929757/P019929757_238.jpg",NULL,"2017-05-12 06:51:20","2017-05-12 07:10:28"
180,"魚京助 新橋店",35.6667480106,139.7561093408,"東京都港区新橋２-15-18 プラザT2ビル","月～木、日、祝日: 16:00～翌1:00 （料理L.O. 翌0:30 ドリンクL.O. 翌0:30）金、土、祝前日: 16:00～翌5:00 （料理L.O. 翌4:00 ドリンクL.O. 翌4:00）","3001～4000円","https://www.hotpepper.jp/strJ001162640/?vos=nhppalsa000016","050-5285-7542","https://imgfp.hotp.jp/IMGH/51/64/P026405164/P026405164_238.jpg",NULL,"2017-05-12 06:51:20","2017-05-12 07:10:28"
181,"肉バル Manpuku まんぷく 新橋店",35.6654759178,139.7555927691,"東京都港区新橋３-8-5 ル・グランシエルビルディング13　4F","月～日、祝日、祝前日: 16:00～翌0:00","3001～4000円","https://www.hotpepper.jp/strJ001154934/?vos=nhppalsa000016","050-5284-1651","https://imgfp.hotp.jp/IMGH/90/77/P025549077/P025549077_238.jpg",NULL,"2017-05-12 06:51:20","2017-05-12 07:10:28"
182,"若の台所 新橋店",35.6648204901,139.7576170679,"東京都港区新橋３-23-1　Box'r shinbashi 　【6階】　※1階がらつけ麺大勝軒のビル","月～日、祝日、祝前日: 17:00～翌0:00 （料理L.O. 23:30 ドリンクL.O. 23:30）","2001～3000円","https://www.hotpepper.jp/strJ000980517/?vos=nhppalsa000016","03-5408-8777","https://imgfp.hotp.jp/IMGH/16/02/P025711602/P025711602_238.jpg",NULL,"2017-05-12 06:51:20","2017-05-12 07:10:29"
183,"収穫祭 新橋店",35.6662822637,139.7573811959,"東京都港区新橋２-16-1　ニュー新橋ビル2F","月～日、祝日、祝前日: 17:00～翌0:00","3001～4000円","https://www.hotpepper.jp/strJ001169862/?vos=nhppalsa000016","050-5286-4163","https://imgfp.hotp.jp/IMGH/42/69/P027134269/P027134269_238.jpg",NULL,"2017-05-12 06:51:20","2017-05-12 07:10:29"
184,"味蔵 あじくら 新橋店",35.6653448271,139.7558041453,"東京都港区新橋３－１５－８　精工ビル　２F","月～日、祝日、祝前日: 12:00～翌0:00 （料理L.O. 翌0:00 ドリンクL.O. 翌0:00）","3001～4000円","https://www.hotpepper.jp/strJ001136301/?vos=nhppalsa000016","050-5281-9394","https://imgfp.hotp.jp/IMGH/09/02/P023880902/P023880902_238.jpg",NULL,"2017-05-12 06:51:20","2017-05-12 07:10:29"
185,"若の台所 新橋店 離れ",35.6647679972,139.7576603997,"東京都港区新橋３－２３－１1　Box'r shinbashi 　【6階】","月～日、祝日、祝前日: 17:00～翌0:00 （料理L.O. 23:30 ドリンクL.O. 23:30）","2001～3000円","https://www.hotpepper.jp/strJ001102297/?vos=nhppalsa000016","03-5408-8777","https://imgfp.hotp.jp/IMGH/16/02/P025711602/P025711602_238.jpg",NULL,"2017-05-12 06:51:20","2017-05-12 07:10:29"
186,"隠れ野 新橋店",35.6671476917,139.7562534792,"東京都港区新橋２－９－１　青葉ビル３Ｆ","月～土、祝前日: 12:00～翌5:00日、祝日: 12:00～23:00","3001～4000円","https://www.hotpepper.jp/strJ000000755/?vos=nhppalsa000016","050-5815-2594","https://imgfp.hotp.jp/IMGH/15/94/P026781594/P026781594_238.jpg",NULL,"2017-05-12 06:51:20","2017-05-12 07:10:30"
187,"なごや香 有楽町駅前店",35.6726260704,139.7602373653,"東京都千代田区有楽町１-2-11　オーキッドスクエア　【７階】","月～日、祝日、祝前日: 17:00～翌0:00 （料理L.O. 23:30 ドリンクL.O. 23:30）","3001～4000円","https://www.hotpepper.jp/strJ000806064/?vos=nhppalsa000016","03-3503-0601","https://imgfp.hotp.jp/IMGH/92/45/P027089245/P027089245_238.jpg",NULL,"2017-05-12 06:51:20","2017-05-12 07:10:30"
188,"柚のしずく 有楽町駅前店",35.6728152200,139.7603951221,"東京都千代田区有楽町１-2-11　オーキッドスクエア　【６階】","月～日、祝日、祝前日: 17:00～翌0:00 （料理L.O. 23:30 ドリンクL.O. 23:30）","3001～4000円","https://www.hotpepper.jp/strJ000961511/?vos=nhppalsa000016","03-3502-1612","https://imgfp.hotp.jp/IMGH/69/86/P026256986/P026256986_238.jpg",NULL,"2017-05-12 06:51:20","2017-05-12 07:10:30"
189,"赤鶏御殿 有楽町駅前店",35.6726088490,139.7601943141,"東京都千代田区有楽町１-2-11　オーキッドスクエア　【３階】","月～日、祝日、祝前日: 17:00～翌0:00 （料理L.O. 23:30 ドリンクL.O. 23:30）","3001～4000円","https://www.hotpepper.jp/strJ000805376/?vos=nhppalsa000016","03-3503-0510","https://imgfp.hotp.jp/IMGH/30/09/P025423009/P025423009_238.jpg",NULL,"2017-05-12 06:51:20","2017-05-12 07:10:30"
190,"マイアミガーデン 有楽町交通会館店",35.6751292340,139.7644255202,"東京都千代田区有楽町２-１０-１ 東京交通会館B１F","月～日、祝日、祝前日: 11:00～23:00","～2000円","https://www.hotpepper.jp/strJ000238104/?vos=nhppalsa000016","050-5257-5593","https://imgfp.hotp.jp/IMGH/10/02/P020911002/P020911002_238.jpg",NULL,"2017-05-12 06:51:20","2017-05-12 07:10:31"
191,"ビッグエコー BIG ECHO 新有楽町店",35.6732610355,139.7616027794,"東京都千代田区有楽町２-3-5　aune有楽町Ｂ2～1Ｆ","月～木、土、日、祝日: 12:00～翌5:00金、祝前日: 12:00～翌6:00","2001～3000円","https://www.hotpepper.jp/strJ001000267/?vos=nhppalsa000016","050-5828-8401","https://imgfp.hotp.jp/IMGH/44/20/P025704420/P025704420_238.jpg",NULL,"2017-05-12 06:51:20","2017-05-12 07:10:31"
192,"銀座 てらやま",35.6685726312,139.7599892158,"東京都中央区銀座８-５-１０　金成ビル６Ｆ","月～金、祝前日: 17:00～翌1:00 （料理L.O. 翌0:00 ドリンクL.O. 翌0:00）","5001～7000円","https://www.hotpepper.jp/strJ000694310/?vos=nhppalsa000016","050-5280-4362","https://imgfp.hotp.jp/IMGH/85/68/P025488568/P025488568_238.jpg",NULL,"2017-05-12 06:51:20","2017-05-12 07:10:31"
193,"六角 有楽町駅前店",35.6732021571,139.7617497138,"東京都千代田区有楽町２-３-６　九重会館４Ｆ","月: 18:00～翌0:30 （料理L.O. 翌0:00 ドリンクL.O. 翌0:00）火～木: 18:00～翌2:00 （料理L.O. 翌1:30 ドリンクL.O. 翌1:30）金、祝前日: 18:00～翌5:00 （料理L.O. 翌4:30 ドリンクL.O. 翌4:30）土: 18:00～翌1:00 （料理L.O. 翌0:30 ドリンクL.O. 翌0:30）","5001～7000円","https://www.hotpepper.jp/strJ000694825/?vos=nhppalsa000016","050-5828-2438","https://imgfp.hotp.jp/IMGH/59/30/P022215930/P022215930_238.jpg",NULL,"2017-05-12 06:51:20","2017-05-12 07:10:31"
194,"ゴハン GOHAN 八重洲店",35.6813140097,139.7716827110,"東京都中央区日本橋２－３－１８江間忠さくらビル５F・６F","月～金、祝前日: 17:00～翌1:00土: 16:00～翌1:00日、祝日: 16:00～23:00","2001～3000円","https://www.hotpepper.jp/strJ000011409/?vos=nhppalsa000016","050-5815-0220","https://imgfp.hotp.jp/IMGH/24/02/P026762402/P026762402_238.jpg",NULL,"2017-05-12 06:51:25","2017-05-12 07:10:32"
195,"日本橋 IN THE BARREL インザバレル 八重洲",35.6807168543,139.7716674585,"東京都中央区日本橋３-1-14 　STAGE日本橋１・２F","月～金、祝前日: 11:30～14:00 （料理L.O. 13:30 ドリンクL.O. 13:30）18:00～翌2:00 （料理L.O. 翌1:30 ドリンクL.O. 翌1:30）土: 18:00～翌0:00 （料理L.O. 23:30 ドリンクL.O. 23:30）","2001～3000円","https://www.hotpepper.jp/strJ000634426/?vos=nhppalsa000016","050-5280-0692","https://imgfp.hotp.jp/IMGH/93/90/P024979390/P024979390_238.jpg",NULL,"2017-05-12 06:51:25","2017-05-12 07:10:33"
196,"あみやき亭 プレミアム 八重洲",35.6826380037,139.7708016215,"東京都中央区八重洲１－４－２１　共同ビル１Ｆ","月～金、祝前日: 17:00～翌0:00 （料理L.O. 23:00 ドリンクL.O. 23:00）土: 17:00～23:00 （料理L.O. 22:00 ドリンクL.O. 22:00）","2001～3000円","https://www.hotpepper.jp/strJ000010427/?vos=nhppalsa000016","03-3277-0091","https://imgfp.hotp.jp/IMGH/50/17/P015485017/P015485017_238.jpg",NULL,"2017-05-12 06:51:25","2017-05-12 07:10:33"
197,"四季の詩 八重洲店",35.6810520448,139.7698184354,"東京都中央区八重洲１-7-17　八重洲ロータリービルB１F","月: 16:00～翌0:00 （料理L.O. 23:30 ドリンクL.O. 23:30）火～木、土、日、祝日: 16:00～23:30 （料理L.O. 23:30 ドリンクL.O. 23:30）金、祝前日: 16:00～翌4:00 （料理L.O. 翌3:30 ドリンクL.O. 翌3:30）","4001～5000円","https://www.hotpepper.jp/strJ000839705/?vos=nhppalsa000016","03-3527-9450","https://imgfp.hotp.jp/IMGH/34/91/P022093491/P022093491_238.jpg",NULL,"2017-05-12 06:51:25","2017-05-12 07:10:33"
198,"山内農場 日比谷駅前店",35.6738739924,139.7604961821,"東京都千代田区有楽町１－６－１　第二日比谷ビル ５Ｆ","月～木: 17:00～翌2:00 （料理L.O. 翌1:30 ドリンクL.O. 翌1:30）金、土、祝前日: 17:00～翌3:00 （料理L.O. 翌2:30 ドリンクL.O. 翌2:30）日、祝日: 17:00～翌0:00 （料理L.O. 23:30 ドリンクL.O. 23:30）","3001～4000円","https://www.hotpepper.jp/strJ001017527/?vos=nhppalsa000016","03-3504-0388","https://imgfp.hotp.jp/IMGH/32/23/P027093223/P027093223_238.jpg",NULL,"2017-05-12 06:51:25","2017-05-12 07:10:35"
199,"肉屋の台所 宮益坂ミート",35.6595998573,139.7015250977,"東京都渋谷区渋谷１-25-6　パークサイド共同ビル5F ","月～日、祝日、祝前日: 16:00～23:30 （料理L.O. 22:30 ドリンクL.O. 22:30）","3001～4000円","https://www.hotpepper.jp/strJ001038829/?vos=nhppalsa000016","050-5861-3512","https://imgfp.hotp.jp/IMGH/97/37/P026019737/P026019737_238.jpg",NULL,"2017-05-12 06:51:26","2017-05-12 07:10:35"
200,"ファイブバー 5ive BAR",35.6578813758,139.6991345363,"東京都渋谷区道玄坂１-6-2 渋谷ファイブビル4F－F","月～金: 18:00～翌6:00 （料理L.O. 翌5:00 ドリンクL.O. 翌5:00）土、祝前日: 18:00～翌6:00 （料理L.O. 翌6:00 ドリンクL.O. 翌6:00）日: 18:00～翌0:00 （料理L.O. 23:00 ドリンクL.O. 23:00）祝日: 18:00～翌0:00 （料理L.O. 23:00 ドリンクL.O. 翌0:00）","～2000円","https://www.hotpepper.jp/strJ001143274/?vos=nhppalsa000016","050-5282-5600","https://imgfp.hotp.jp/IMGH/39/22/P025213922/P025213922_238.jpg",NULL,"2017-05-12 06:51:26","2017-05-12 07:10:36"
201,"貸切ダイニング TAKENOTSUKA",35.6602218715,139.6963560675,"東京都渋谷区道玄坂２-23-1小池ビル4F","月～日、祝日、祝前日: 12:00～16:00 （料理L.O. 15:30 ドリンクL.O. 15:30）18:00～翌5:00 （料理L.O. 翌4:30 ドリンクL.O. 翌4:30）","2001～3000円","https://www.hotpepper.jp/strJ000759426/?vos=nhppalsa000016","050-5280-9457","https://imgfp.hotp.jp/IMGH/31/16/P022813116/P022813116_238.jpg",NULL,"2017-05-12 06:51:26","2017-05-12 07:10:37"
202,"マイアミパティオ 渋谷ヒカリエ前店",35.6585250287,139.7034138691,"東京都渋谷区渋谷２-22‐14渋谷2丁目ビル1F","月～日、祝日、祝前日: 11:00～翌0:00","～2000円","https://www.hotpepper.jp/strJ000707121/?vos=nhppalsa000016","050-5841-0895","https://imgfp.hotp.jp/IMGH/05/74/P016940574/P016940574_238.jpg",NULL,"2017-05-12 06:51:26","2017-05-12 07:10:38"
203,"BAR KIZUKI バー キズキ",35.6602335009,139.7054169638,"東京都渋谷区渋谷１-8-5　グローリア10F","月～土、祝日、祝前日: 19:00～翌4:00 （料理L.O. 翌4:00 ドリンクL.O. 翌4:00）","3001～4000円","https://www.hotpepper.jp/strJ001146672/?vos=nhppalsa000016","050-5283-1688","https://imgfp.hotp.jp/IMGH/29/11/P026622911/P026622911_238.jpg",NULL,"2017-05-12 06:51:26","2017-05-12 07:10:38"
204,"創作ダイニング&バー 73twelve",35.6566508113,139.7040152820,"東京都渋谷区渋谷３－22－11サンクスプライムビル３F","月～木、祝前日: 19:00～翌3:00 （料理L.O. 翌2:30）金、土: 19:00～翌5:00 （料理L.O. 翌4:30）","3001～4000円","https://www.hotpepper.jp/strJ001168342/?vos=nhppalsa000016","050-5285-8567","https://imgfp.hotp.jp/IMGH/26/47/P026622647/P026622647_238.jpg",NULL,"2017-05-12 06:51:26","2017-05-12 07:10:41"
205,"Aquavit",35.6612829038,139.6978781179,"東京都渋谷区宇田川町３１－４　シノダビルＢ１","月～日、祝日、祝前日: 18:00～翌4:00 （料理L.O. 翌3:00 ドリンクL.O. 翌3:30）","3001～4000円","https://www.hotpepper.jp/strJ000766985/?vos=nhppalsa000016","050-5286-2947","https://imgfp.hotp.jp/IMGH/90/04/P026979004/P026979004_238.jpg",NULL,"2017-05-12 06:51:26","2017-05-12 07:10:41"
206,"TGIフライデーズ 渋谷神南店",35.6625064351,139.7000506620,"東京都渋谷区神南１－１９－３　ハイマンテンビル神南２Ｆ","月～木、日、祝日: 11:30～翌0:00金、土、祝前日: 11:30～翌1:00","2001～3000円","https://www.hotpepper.jp/strJ000010965/?vos=nhppalsa000016","03-5459-3555","https://imgfp.hotp.jp/IMGH/23/52/P021942352/P021942352_238.jpg",NULL,"2017-05-12 06:51:26","2017-05-12 07:10:43"
207,"RIB HOUSE OCEAN HOUSE",35.6714753760,139.7605868263,"東京都中央区銀座６-2-10  合同ビルディング 1F","月～日、祝日、祝前日: 07:00～翌7:00","3001～4000円","https://www.hotpepper.jp/strJ001048673/?vos=nhppalsa000016","050-5281-1326","https://imgfp.hotp.jp/IMGH/54/00/P024845400/P024845400_238.jpg",NULL,"2017-05-12 06:51:26","2017-05-12 07:10:44"
208,"バーイタチ 新橋",35.6669710614,139.7568692673,"東京都港区新橋２-９-５","月～土、祝日、祝前日: 18:00～翌1:00 （料理L.O. 翌0:00 ドリンクL.O. 翌0:00）","3001～4000円","https://www.hotpepper.jp/strJ001146110/?vos=nhppalsa000016","050-5286-8463","https://imgfp.hotp.jp/IMGH/36/58/P025913658/P025913658_238.jpg",NULL,"2017-05-12 06:51:26","2017-05-12 07:10:45"
209,"Standing Lounge 333 Ginza",35.6690569989,139.7591581559,"東京都中央区銀座８-3-11和恒ビルB1","月～木: 18:00～翌3:00金、土、祝前日: 18:00～翌4:00日、祝日: 18:00～翌0:00","～2000円","https://www.hotpepper.jp/strJ001168371/?vos=nhppalsa000016","03-6264-5933","https://imgfp.hotp.jp/IMGH/47/88/P026614788/P026614788_238.jpg",NULL,"2017-05-12 06:51:26","2017-05-12 07:10:45"
210,"御八 みはち MIHACHI 渋谷駅前店",35.6585071211,139.6984731786,"東京都渋谷区道玄坂２－８－７　道玄坂ビルＢ１","月～土、祝前日: 16:00～翌4:00 （料理L.O. 翌3:00）日、祝日: 16:00～23:30 （料理L.O. 22:40）","3001～4000円","https://www.hotpepper.jp/strJ000005066/?vos=nhppalsa000016","050-5815-4052","https://imgfp.hotp.jp/IMGH/12/43/P026751243/P026751243_238.jpg",NULL,"2017-05-12 06:51:29","2017-05-12 07:10:46"
211,"こだわりもん一家 渋谷店",35.6616192478,139.6976147935,"東京都渋谷区宇田川町３１－１","月～土、祝前日: 17:00～翌0:30 （料理L.O. 翌0:00 ドリンクL.O. 翌0:00）日、祝日: 17:00～翌0:00 （料理L.O. 23:30 ドリンクL.O. 23:30）","3001～4000円","https://www.hotpepper.jp/strJ001170712/?vos=nhppalsa000016","050-5286-9666","https://imgfp.hotp.jp/IMGH/61/12/P025966112/P025966112_238.jpg",NULL,"2017-05-12 06:51:29","2017-05-12 07:10:47"
212,"北海道 渋谷駅前店",35.6601356457,139.7021039159,"東京都渋谷区渋谷１－２４－１０　渋谷全線座ビル３Ｆ","月、火: 11:30～14:3016:00～翌0:00水、木: 11:30～14:3016:00～翌2:00金: 11:30～14:3016:00～翌5:00土、祝前日: 16:00～翌5:00日、祝日: 16:00～翌0:00","3001～4000円","https://www.hotpepper.jp/strJ000000527/?vos=nhppalsa000016","050-5815-7640","https://imgfp.hotp.jp/IMGH/17/94/P025181794/P025181794_238.jpg",NULL,"2017-05-12 06:51:29","2017-05-12 07:10:49"
213,"北の家族 渋谷店",35.6608162999,139.6982614374,"東京都渋谷区宇田川町30-1蓬莱屋ビル3F　（宇田川交番手前）","月～日、祝日、祝前日: 00:00～翌0:00","2001～3000円","https://www.hotpepper.jp/strJ000990075/?vos=nhppalsa000016","050-5841-5535","https://imgfp.hotp.jp/IMGH/27/06/P026942706/P026942706_238.jpg",NULL,"2017-05-12 06:51:29","2017-05-12 07:10:49"
214,"さくらさくら 渋谷店",35.6583443982,139.6998447352,"東京都渋谷区道玄坂１-3-1　飯島ビル　【地下２階】電波は◎　※１階はパチンコGAIAと八百屋の大和田★","月～日、祝日、祝前日: 17:00～翌0:00 （料理L.O. 23:30 ドリンクL.O. 23:30）","2001～3000円","https://www.hotpepper.jp/strJ001102292/?vos=nhppalsa000016","03-3461-9956","https://imgfp.hotp.jp/IMGH/04/16/P026260416/P026260416_238.jpg",NULL,"2017-05-12 06:51:29","2017-05-12 07:10:50"
215,"ととりや 魚鳥や 渋谷駅前店",35.6599189226,139.6990744598,"東京都渋谷区宇田川町26-2　サンルイビル3F","月～日、祝日、祝前日: 17:00～翌2:00","～2000円","https://www.hotpepper.jp/strJ001155166/?vos=nhppalsa000016","050-5284-1597","https://imgfp.hotp.jp/IMGH/53/99/P026855399/P026855399_238.jpg",NULL,"2017-05-12 06:51:29","2017-05-12 07:10:50"
216,"みやび MIYABI 渋谷駅前店",35.6601283449,139.6991272247,"東京都渋谷区宇田川町26-11　白馬ビル4F","月～日、祝日、祝前日: 16:00～翌0:00 （料理L.O. 23:30 ドリンクL.O. 23:30）","2001～3000円","https://www.hotpepper.jp/strJ000051707/?vos=nhppalsa000016","050-5815-1707","https://imgfp.hotp.jp/IMGH/64/38/P025976438/P025976438_238.jpg",NULL,"2017-05-12 06:51:29","2017-05-12 07:10:51"
217,"かまどか 新橋SL広場店",35.6664811133,139.7567506859,"東京都港区新橋２－１５－７－７Ｆ","月～日、祝日、祝前日: 16:00～翌5:00","2001～3000円","https://www.hotpepper.jp/strJ000003652/?vos=nhppalsa000016","050-5815-1996","https://imgfp.hotp.jp/IMGH/24/74/P027182474/P027182474_238.jpg",NULL,"2017-05-12 06:51:31","2017-05-12 07:10:51"
218,"ゆるりや 新橋駅前店",35.6671532465,139.7562479239,"東京都港区新橋２-９-１　６階","月～木、日、祝日: 16:00～翌1:00金、土、祝前日: 16:00～翌4:30","2001～3000円","https://www.hotpepper.jp/strJ001010280/?vos=nhppalsa000016","050-5828-2819","https://imgfp.hotp.jp/IMGH/83/42/P026538342/P026538342_238.jpg",NULL,"2017-05-12 06:51:31","2017-05-12 07:10:52"
219,"波の綾 新橋駅前店",35.6662822637,139.7573811959,"東京都港区新橋２-16-1　ニュー新橋ビル2F","月～木、土、日、祝日: 17:00～翌0:00 （料理L.O. 23:00 ドリンクL.O. 23:00）金、祝前日: 17:00～翌0:00 （料理L.O. 翌0:00 ドリンクL.O. 翌0:00）","2001～3000円","https://www.hotpepper.jp/strJ001162705/?vos=nhppalsa000016","050-5285-6470","https://imgfp.hotp.jp/IMGH/05/19/P027070519/P027070519_238.jpg",NULL,"2017-05-12 06:51:31","2017-05-12 07:10:52"
220,"鳥江戸こまち 新橋店",35.6677312082,139.7551704922,"東京都港区新橋２-2-6","月～日、祝日、祝前日: 11:00～翌0:00 （料理L.O. 23:15 ドリンクL.O. 23:30）","3001～4000円","https://www.hotpepper.jp/strJ001146846/?vos=nhppalsa000016","050-5283-1612","https://imgfp.hotp.jp/IMGH/82/83/P026508283/P026508283_238.jpg",NULL,"2017-05-12 06:51:31","2017-05-12 07:10:52"
221,"暖夜 だんや 新橋烏森駅前店",35.6647202275,139.7577617819,"東京都港区新橋３－２３－１ボクサール新橋４Ｆ－Ｂ","月～木、日、祝日: 16:00～翌1:00金、土、祝前日: 16:00～翌4:30","2001～3000円","https://www.hotpepper.jp/strJ001027756/?vos=nhppalsa000016","050-5877-8096","https://imgfp.hotp.jp/IMGH/72/76/P026227276/P026227276_238.jpg",NULL,"2017-05-12 06:51:31","2017-05-12 07:10:52"
222,"カルネ ガーデン Carne Garden 渋谷店",35.6602884971,139.7055069540,"東京都渋谷区渋谷１-8-5 小山ビル4F","月～日、祝日、祝前日: 11:30～15:00 （料理L.O. 14:30 ドリンクL.O. 14:30）17:00～翌0:00 （料理L.O. 23:30 ドリンクL.O. 23:30）","2001～3000円","https://www.hotpepper.jp/strJ001154973/?vos=nhppalsa000016","050-5284-1409","https://imgfp.hotp.jp/IMGH/35/43/P025533543/P025533543_238.jpg",NULL,"2017-05-12 06:51:33","2017-05-12 07:10:53"
223,"チーズバル f エフ 渋谷店",35.6591864998,139.6988767282,"東京都渋谷区道玄坂２-6-17 TOHOシネマズ渋谷B1F","月～木、日、祝日: 11:30～15:0015:30～23:00金、土、祝前日: 11:30～15:0015:30～翌0:00","2001～3000円","https://www.hotpepper.jp/strJ001000265/?vos=nhppalsa000016","050-5828-7026","https://imgfp.hotp.jp/IMGH/54/63/P026415463/P026415463_238.jpg",NULL,"2017-05-12 06:51:33","2017-05-12 07:10:53"
224,"マイアミガーデン 渋谷駅前店",35.6593356804,139.7000282910,"東京都渋谷区道玄坂２－３－１　渋谷駅前ビルＢ１Ｆ","月～日、祝日、祝前日: 10:00～翌8:00","～2000円","https://www.hotpepper.jp/strJ000011646/?vos=nhppalsa000016","03-3463-7466","https://imgfp.hotp.jp/IMGH/44/16/P013294416/P013294416_238.jpg",NULL,"2017-05-12 06:51:33","2017-05-12 07:10:53"
225,"マイアミパティオ 新橋駅前店",35.6675182274,139.7570706171,"東京都港区新橋２－６－２　新橋アイマークビル１F","月: 11:00～翌2:00 （料理L.O. 翌1:00 ドリンクL.O. 翌1:00）火～木、土: 11:00～翌1:00 （料理L.O. 翌1:00 ドリンクL.O. 翌1:00）金、祝前日: 11:00～翌8:00 （料理L.O. 翌7:00 ドリンクL.O. 翌7:00）日、祝日: 11:00～翌0:00 （料理L.O. 23:00 ドリンクL.O. 23:00）","2001～3000円","https://www.hotpepper.jp/strJ000770214/?vos=nhppalsa000016","050-5816-4679","https://imgfp.hotp.jp/IMGH/23/36/P018472336/P018472336_238.jpg",NULL,"2017-05-12 06:51:33","2017-05-12 07:10:54"
226,"はなの舞 本所吾妻橋店",35.7083276311,139.8026589935,"東京都墨田区吾妻橋２-１-５　ケンマブチ吾妻橋ビル１Ｆ","月～木: 11:30～14:0016:00～翌1:00金、祝前日: 11:30～14:0016:00～翌3:00土: 15:00～翌3:00日、祝日: 15:00～翌0:00","2001～3000円","https://www.hotpepper.jp/strJ000980446/?vos=nhppalsa000016","050-5852-1488","https://imgfp.hotp.jp/IMGH/83/27/P027108327/P027108327_238.jpg",NULL,"2017-05-13 05:11:13","2017-05-13 05:12:13"
227,"串焼 工房",35.7083657037,139.8034564242,"東京都墨田区吾妻橋２－２－４　フェスティ・ワン１Ｆ","月～金、祝前日: 11:30～14:00 （料理L.O. 14:00）17:00～翌0:00 （料理L.O. 23:30 ドリンクL.O. 23:30）土: 13:00～翌0:00 （料理L.O. 23:30 ドリンクL.O. 23:30）日、祝日: 13:00～23:00 （料理L.O. 22:30 ドリンクL.O. 22:30）","～2000円","https://www.hotpepper.jp/strJ001110841/?vos=nhppalsa000016","050-5257-7649","https://imgfp.hotp.jp/IMGH/62/66/P026506266/P026506266_238.jpg",NULL,"2017-05-13 05:11:13","2017-05-13 05:12:13"
228,"稲垣 本店",35.7078554534,139.8023368177,"東京都墨田区東駒形３－２５－４","月～日、祝日、祝前日: 17:00～翌0:00","2001～3000円","https://www.hotpepper.jp/strJ000129422/?vos=nhppalsa000016","03-3623-6389","https://imgfp.hotp.jp/IMGH/15/53/P014841553/P014841553_238.jpg",NULL,"2017-05-13 05:11:13","2017-05-13 05:12:13"
229,"イプクレスラウンジ Ipcress Lounge",35.7122522670,139.8055641442,"東京都墨田区向島１－１１－１１","火～土、祝日、祝前日: 18:00～翌2:00日: 18:00～翌0:00","～2000円","https://www.hotpepper.jp/strJ000989009/?vos=nhppalsa000016","03-5608-9411","https://imgfp.hotp.jp/IMGH/58/85/P014845885/P014845885_238.jpg",NULL,"2017-05-13 05:11:13","2017-05-13 05:12:14"
230,"トラットリアピッコレランパーレ&roof top sky bar&かき氷",35.7093524694,139.8112984963,"東京都墨田区業平２-19-3 JTC NEW TOWER 5F・6F","月、水～日、祝日、祝前日: 11:30～15:00 （料理L.O. 14:30 ドリンクL.O. 14:30）18:00～翌2:00 （料理L.O. 翌1:00 ドリンクL.O. 翌1:00）","3001～4000円","https://www.hotpepper.jp/strJ001127508/?vos=nhppalsa000016","050-5280-4470","https://imgfp.hotp.jp/IMGH/36/00/P023343600/P023343600_238.jpg",NULL,"2017-05-13 05:11:14","2017-05-13 05:12:14"
231,"ホルモン和",35.7120384001,139.8158507793,"東京都墨田区押上１-18-6","月、火、木、祝前日: 18:00～翌0:00 （料理L.O. 23:00 ドリンクL.O. 23:30）金: 18:00～翌0:00 （料理L.O. 23:30 ドリンクL.O. 23:30）土、日、祝日: 14:00～23:00 （料理L.O. 22:30 ドリンクL.O. 22:30）","3001～4000円","https://www.hotpepper.jp/strJ001118987/?vos=nhppalsa000016","050-5265-5894","https://imgfp.hotp.jp/IMGH/23/36/P022022336/P022022336_238.jpg",NULL,"2017-05-13 05:11:14","2017-05-13 05:12:14"
232,"ケーラッシュ KAILASH",35.7091169227,139.8106393951,"東京都墨田区業平１-21-4第2立川ビル1F","月～日、祝日、祝前日: 11:00～23:00 （料理L.O. 22:30 ドリンクL.O. 23:00）","～2000円","https://www.hotpepper.jp/strJ001118302/?vos=nhppalsa000016","050-5265-5180","https://imgfp.hotp.jp/IMGH/65/01/P026146501/P026146501_238.jpg",NULL,"2017-05-13 05:11:14","2017-05-13 05:12:14"
233,"焼肉kei",35.7052527407,139.8145622732,"東京都墨田区横川４-12-13","月～日、祝日、祝前日: 16:00～翌0:00 （料理L.O. 23:00 ドリンクL.O. 23:30）","3001～4000円","https://www.hotpepper.jp/strJ001144285/?vos=nhppalsa000016","050-5283-3679","https://imgfp.hotp.jp/IMGH/74/69/P026307469/P026307469_238.jpg",NULL,"2017-05-13 05:11:14","2017-05-13 05:12:14"
234,"押上よしかつ",35.7079002755,139.8166189364,"東京都墨田区業平５－１０－２","月～土、祝前日: 17:00～翌0:00 （料理L.O. 23:55 ドリンクL.O. 23:55）日、祝日: 11:30～14:00 （料理L.O. 14:00 ドリンクL.O. 14:00）17:00～翌0:00 （料理L.O. 23:55 ドリンクL.O. 23:55）","4001～5000円","https://www.hotpepper.jp/strJ000104266/?vos=nhppalsa000016","03-3829-6468","https://imgfp.hotp.jp/IMGH/47/04/P023274704/P023274704_238.jpg",NULL,"2017-05-13 05:11:14","2017-05-13 05:12:14"
235,"居酒屋 めだか",35.7104552325,139.8153842161,"東京都墨田区押上１-27-1","月～水、金～日、祝日、祝前日: 17:30～翌1:30 （料理L.O. 翌1:30 ドリンクL.O. 翌1:30）","2001～3000円","https://www.hotpepper.jp/strJ000239665/?vos=nhppalsa000016","050-5265-2891","https://imgfp.hotp.jp/IMGH/53/46/P021735346/P021735346_238.jpg",NULL,"2017-05-13 05:11:14","2017-05-13 05:12:15"
236,"魚民 押上駅前店",35.7120572973,139.8162390789,"東京都墨田区押上３－２２－１　K・Kビル 2階","月～日、祝日、祝前日: 17:00～翌5:00 （料理L.O. 翌4:30 ドリンクL.O. 翌4:30）","2001～3000円","https://www.hotpepper.jp/strJ000769702/?vos=nhppalsa000016","03-3612-7488","https://imgfp.hotp.jp/IMGH/28/29/P027092829/P027092829_238.jpg",NULL,"2017-05-13 05:11:14","2017-05-13 05:12:15"
237,"ナインライヴズ NINE LIVES 向島",35.7165549103,139.8082595753,"東京都墨田区向島２-9-7","月、火、木、金、祝日、祝前日: 19:00～翌3:00 （料理L.O. 翌2:30 ドリンクL.O. 翌2:30）土、日: 11:30～15:00 （料理L.O. 14:30 ドリンクL.O. 14:30）19:00～翌3:00 （料理L.O. 翌2:30 ドリンクL.O. 翌2:30）","2001～3000円","https://www.hotpepper.jp/strJ001135812/?vos=nhppalsa000016","050-5282-7057","https://imgfp.hotp.jp/IMGH/30/76/P026123076/P026123076_238.jpg",NULL,"2017-05-13 05:11:14","2017-05-13 05:12:15"
238,"安楽亭 行田押上町店",36.1161189457,139.4360404306,"埼玉県行田市押上町15-40","月～日、祝日、祝前日: 11:30～翌2:00 （料理L.O. 翌1:40 ドリンクL.O. 翌1:40）","2001～3000円","https://www.hotpepper.jp/strJ000789249/?vos=nhppalsa000016","048-564-4129","https://imgfp.hotp.jp/IMGH/74/91/P026407491/P026407491_238.jpg",NULL,"2017-05-13 05:11:14","2017-05-13 05:12:15"
239,"遊人 和風居酒屋",35.7019036696,139.8144276973,"東京都墨田区太平３‐１６‐８　赤坂ビル２Ｆ","月～日、祝日、祝前日: 11:30～14:0017:00～翌0:00","3001～4000円","https://www.hotpepper.jp/strJ000726619/?vos=nhppalsa000016","03-6914-3855","https://imgfp.hotp.jp/IMGH/98/36/P016219836/P016219836_238.jpg",NULL,"2017-05-13 05:11:14","2017-05-13 05:12:15"
